/*****************************************************************************

File name  : courb18.h

Description: Header File generated by BIN2HEX for font data courB18.bdf

COPYRIGHT (C) 2004 STMicroelectronics

******************************************************************************/


/* Private Variables ------------------------------------------------------- */
U8  FontData[] = {
        0x53, 0x54, 0x41, 0x52, 0x54, 0x46, 0x4F, 0x4E, 0x54, 0x20, 0x32, 0x2E, 0x31, 0x0A, 0x43, 0x4F,
        0x4D, 0x4D, 0x45, 0x4E, 0x54, 0x0A, 0x43, 0x4F, 0x4D, 0x4D, 0x45, 0x4E, 0x54, 0x20, 0x20, 0x43,
        0x6F, 0x70, 0x79, 0x72, 0x69, 0x67, 0x68, 0x74, 0x20, 0x31, 0x39, 0x38, 0x34, 0x2C, 0x20, 0x31,
        0x39, 0x38, 0x37, 0x20, 0x41, 0x64, 0x6F, 0x62, 0x65, 0x20, 0x53, 0x79, 0x73, 0x74, 0x65, 0x6D,
        0x73, 0x2C, 0x20, 0x49, 0x6E, 0x63, 0x2E, 0x0A, 0x43, 0x4F, 0x4D, 0x4D, 0x45, 0x4E, 0x54, 0x20,
        0x20, 0x50, 0x6F, 0x72, 0x74, 0x69, 0x6F, 0x6E, 0x73, 0x20, 0x43, 0x6F, 0x70, 0x79, 0x72, 0x69,
        0x67, 0x68, 0x74, 0x20, 0x31, 0x39, 0x38, 0x38, 0x20, 0x44, 0x69, 0x67, 0x69, 0x74, 0x61, 0x6C,
        0x20, 0x45, 0x71, 0x75, 0x69, 0x70, 0x6D, 0x65, 0x6E, 0x74, 0x20, 0x43, 0x6F, 0x72, 0x70, 0x6F,
        0x72, 0x61, 0x74, 0x69, 0x6F, 0x6E, 0x0A, 0x43, 0x4F, 0x4D, 0x4D, 0x45, 0x4E, 0x54, 0x0A, 0x43,
        0x4F, 0x4D, 0x4D, 0x45, 0x4E, 0x54, 0x20, 0x20, 0x41, 0x64, 0x6F, 0x62, 0x65, 0x20, 0x69, 0x73,
        0x20, 0x61, 0x20, 0x72, 0x65, 0x67, 0x69, 0x73, 0x74, 0x65, 0x72, 0x65, 0x64, 0x20, 0x74, 0x72,
        0x61, 0x64, 0x65, 0x6D, 0x61, 0x72, 0x6B, 0x20, 0x6F, 0x66, 0x20, 0x41, 0x64, 0x6F, 0x62, 0x65,
        0x20, 0x53, 0x79, 0x73, 0x74, 0x65, 0x6D, 0x73, 0x2C, 0x20, 0x49, 0x6E, 0x63, 0x2E, 0x20, 0x20,
        0x50, 0x65, 0x72, 0x6D, 0x69, 0x73, 0x73, 0x69, 0x6F, 0x6E, 0x0A, 0x43, 0x4F, 0x4D, 0x4D, 0x45,
        0x4E, 0x54, 0x20, 0x20, 0x74, 0x6F, 0x20, 0x75, 0x73, 0x65, 0x20, 0x74, 0x68, 0x65, 0x73, 0x65,
        0x20, 0x74, 0x72, 0x61, 0x64, 0x65, 0x6D, 0x61, 0x72, 0x6B, 0x73, 0x20, 0x69, 0x73, 0x20, 0x68,
        0x65, 0x72, 0x65, 0x62, 0x79, 0x20, 0x67, 0x72, 0x61, 0x6E, 0x74, 0x65, 0x64, 0x20, 0x6F, 0x6E,
        0x6C, 0x79, 0x20, 0x69, 0x6E, 0x20, 0x61, 0x73, 0x73, 0x6F, 0x63, 0x69, 0x61, 0x74, 0x69, 0x6F,
        0x6E, 0x20, 0x77, 0x69, 0x74, 0x68, 0x20, 0x74, 0x68, 0x65, 0x0A, 0x43, 0x4F, 0x4D, 0x4D, 0x45,
        0x4E, 0x54, 0x20, 0x20, 0x69, 0x6D, 0x61, 0x67, 0x65, 0x73, 0x20, 0x64, 0x65, 0x73, 0x63, 0x72,
        0x69, 0x62, 0x65, 0x64, 0x20, 0x69, 0x6E, 0x20, 0x74, 0x68, 0x69, 0x73, 0x20, 0x66, 0x69, 0x6C,
        0x65, 0x2E, 0x0A, 0x43, 0x4F, 0x4D, 0x4D, 0x45, 0x4E, 0x54, 0x0A, 0x43, 0x4F, 0x4D, 0x4D, 0x45,
        0x4E, 0x54, 0x20, 0x20, 0x50, 0x65, 0x72, 0x6D, 0x69, 0x73, 0x73, 0x69, 0x6F, 0x6E, 0x20, 0x74,
        0x6F, 0x20, 0x75, 0x73, 0x65, 0x2C, 0x20, 0x63, 0x6F, 0x70, 0x79, 0x2C, 0x20, 0x6D, 0x6F, 0x64,
        0x69, 0x66, 0x79, 0x2C, 0x20, 0x61, 0x6E, 0x64, 0x20, 0x64, 0x69, 0x73, 0x74, 0x72, 0x69, 0x62,
        0x75, 0x74, 0x65, 0x20, 0x74, 0x68, 0x69, 0x73, 0x20, 0x73, 0x6F, 0x66, 0x74, 0x77, 0x61, 0x72,
        0x65, 0x20, 0x61, 0x6E, 0x64, 0x0A, 0x43, 0x4F, 0x4D, 0x4D, 0x45, 0x4E, 0x54, 0x20, 0x20, 0x69,
        0x74, 0x73, 0x20, 0x64, 0x6F, 0x63, 0x75, 0x6D, 0x65, 0x6E, 0x74, 0x61, 0x74, 0x69, 0x6F, 0x6E,
        0x20, 0x66, 0x6F, 0x72, 0x20, 0x61, 0x6E, 0x79, 0x20, 0x70, 0x75, 0x72, 0x70, 0x6F, 0x73, 0x65,
        0x20, 0x61, 0x6E, 0x64, 0x20, 0x77, 0x69, 0x74, 0x68, 0x6F, 0x75, 0x74, 0x20, 0x66, 0x65, 0x65,
        0x20, 0x69, 0x73, 0x20, 0x68, 0x65, 0x72, 0x65, 0x62, 0x79, 0x20, 0x67, 0x72, 0x61, 0x6E, 0x74,
        0x65, 0x64, 0x2C, 0x0A, 0x43, 0x4F, 0x4D, 0x4D, 0x45, 0x4E, 0x54, 0x20, 0x20, 0x70, 0x72, 0x6F,
        0x76, 0x69, 0x64, 0x65, 0x64, 0x20, 0x74, 0x68, 0x61, 0x74, 0x20, 0x74, 0x68, 0x65, 0x20, 0x61,
        0x62, 0x6F, 0x76, 0x65, 0x20, 0x63, 0x6F, 0x70, 0x79, 0x72, 0x69, 0x67, 0x68, 0x74, 0x20, 0x6E,
        0x6F, 0x74, 0x69, 0x63, 0x65, 0x73, 0x20, 0x61, 0x70, 0x70, 0x65, 0x61, 0x72, 0x20, 0x69, 0x6E,
        0x20, 0x61, 0x6C, 0x6C, 0x20, 0x63, 0x6F, 0x70, 0x69, 0x65, 0x73, 0x20, 0x61, 0x6E, 0x64, 0x0A,
        0x43, 0x4F, 0x4D, 0x4D, 0x45, 0x4E, 0x54, 0x20, 0x20, 0x74, 0x68, 0x61, 0x74, 0x20, 0x62, 0x6F,
        0x74, 0x68, 0x20, 0x74, 0x68, 0x6F, 0x73, 0x65, 0x20, 0x63, 0x6F, 0x70, 0x79, 0x72, 0x69, 0x67,
        0x68, 0x74, 0x20, 0x6E, 0x6F, 0x74, 0x69, 0x63, 0x65, 0x73, 0x20, 0x61, 0x6E, 0x64, 0x20, 0x74,
        0x68, 0x69, 0x73, 0x20, 0x70, 0x65, 0x72, 0x6D, 0x69, 0x73, 0x73, 0x69, 0x6F, 0x6E, 0x20, 0x6E,
        0x6F, 0x74, 0x69, 0x63, 0x65, 0x20, 0x61, 0x70, 0x70, 0x65, 0x61, 0x72, 0x0A, 0x43, 0x4F, 0x4D,
        0x4D, 0x45, 0x4E, 0x54, 0x20, 0x20, 0x69, 0x6E, 0x20, 0x73, 0x75, 0x70, 0x70, 0x6F, 0x72, 0x74,
        0x69, 0x6E, 0x67, 0x20, 0x64, 0x6F, 0x63, 0x75, 0x6D, 0x65, 0x6E, 0x74, 0x61, 0x74, 0x69, 0x6F,
        0x6E, 0x2C, 0x20, 0x61, 0x6E, 0x64, 0x20, 0x74, 0x68, 0x61, 0x74, 0x20, 0x74, 0x68, 0x65, 0x20,
        0x6E, 0x61, 0x6D, 0x65, 0x73, 0x20, 0x6F, 0x66, 0x20, 0x41, 0x64, 0x6F, 0x62, 0x65, 0x20, 0x53,
        0x79, 0x73, 0x74, 0x65, 0x6D, 0x73, 0x20, 0x61, 0x6E, 0x64, 0x0A, 0x43, 0x4F, 0x4D, 0x4D, 0x45,
        0x4E, 0x54, 0x20, 0x20, 0x44, 0x69, 0x67, 0x69, 0x74, 0x61, 0x6C, 0x20, 0x45, 0x71, 0x75, 0x69,
        0x70, 0x6D, 0x65, 0x6E, 0x74, 0x20, 0x43, 0x6F, 0x72, 0x70, 0x6F, 0x72, 0x61, 0x74, 0x69, 0x6F,
        0x6E, 0x20, 0x6E, 0x6F, 0x74, 0x20, 0x62, 0x65, 0x20, 0x75, 0x73, 0x65, 0x64, 0x20, 0x69, 0x6E,
        0x20, 0x61, 0x64, 0x76, 0x65, 0x72, 0x74, 0x69, 0x73, 0x69, 0x6E, 0x67, 0x20, 0x6F, 0x72, 0x0A,
        0x43, 0x4F, 0x4D, 0x4D, 0x45, 0x4E, 0x54, 0x20, 0x20, 0x70, 0x75, 0x62, 0x6C, 0x69, 0x63, 0x69,
        0x74, 0x79, 0x20, 0x70, 0x65, 0x72, 0x74, 0x61, 0x69, 0x6E, 0x69, 0x6E, 0x67, 0x20, 0x74, 0x6F,
        0x20, 0x64, 0x69, 0x73, 0x74, 0x72, 0x69, 0x62, 0x75, 0x74, 0x69, 0x6F, 0x6E, 0x20, 0x6F, 0x66,
        0x20, 0x74, 0x68, 0x65, 0x20, 0x73, 0x6F, 0x66, 0x74, 0x77, 0x61, 0x72, 0x65, 0x20, 0x77, 0x69,
        0x74, 0x68, 0x6F, 0x75, 0x74, 0x0A, 0x43, 0x4F, 0x4D, 0x4D, 0x45, 0x4E, 0x54, 0x20, 0x20, 0x73,
        0x70, 0x65, 0x63, 0x69, 0x66, 0x69, 0x63, 0x2C, 0x20, 0x77, 0x72, 0x69, 0x74, 0x74, 0x65, 0x6E,
        0x20, 0x70, 0x72, 0x69, 0x6F, 0x72, 0x20, 0x70, 0x65, 0x72, 0x6D, 0x69, 0x73, 0x73, 0x69, 0x6F,
        0x6E, 0x2E, 0x20, 0x20, 0x41, 0x64, 0x6F, 0x62, 0x65, 0x20, 0x53, 0x79, 0x73, 0x74, 0x65, 0x6D,
        0x73, 0x20, 0x61, 0x6E, 0x64, 0x20, 0x44, 0x69, 0x67, 0x69, 0x74, 0x61, 0x6C, 0x0A, 0x43, 0x4F,
        0x4D, 0x4D, 0x45, 0x4E, 0x54, 0x20, 0x20, 0x45, 0x71, 0x75, 0x69, 0x70, 0x6D, 0x65, 0x6E, 0x74,
        0x20, 0x43, 0x6F, 0x72, 0x70, 0x6F, 0x72, 0x61, 0x74, 0x69, 0x6F, 0x6E, 0x20, 0x6D, 0x61, 0x6B,
        0x65, 0x20, 0x6E, 0x6F, 0x20, 0x72, 0x65, 0x70, 0x72, 0x65, 0x73, 0x65, 0x6E, 0x74, 0x61, 0x74,
        0x69, 0x6F, 0x6E, 0x73, 0x20, 0x61, 0x62, 0x6F, 0x75, 0x74, 0x20, 0x74, 0x68, 0x65, 0x20, 0x73,
        0x75, 0x69, 0x74, 0x61, 0x62, 0x69, 0x6C, 0x69, 0x74, 0x79, 0x0A, 0x43, 0x4F, 0x4D, 0x4D, 0x45,
        0x4E, 0x54, 0x20, 0x20, 0x6F, 0x66, 0x20, 0x74, 0x68, 0x69, 0x73, 0x20, 0x73, 0x6F, 0x66, 0x74,
        0x77, 0x61, 0x72, 0x65, 0x20, 0x66, 0x6F, 0x72, 0x20, 0x61, 0x6E, 0x79, 0x20, 0x70, 0x75, 0x72,
        0x70, 0x6F, 0x73, 0x65, 0x2E, 0x20, 0x20, 0x49, 0x74, 0x20, 0x69, 0x73, 0x20, 0x70, 0x72, 0x6F,
        0x76, 0x69, 0x64, 0x65, 0x64, 0x20, 0x22, 0x61, 0x73, 0x20, 0x69, 0x73, 0x22, 0x20, 0x77, 0x69,
        0x74, 0x68, 0x6F, 0x75, 0x74, 0x0A, 0x43, 0x4F, 0x4D, 0x4D, 0x45, 0x4E, 0x54, 0x20, 0x20, 0x65,
        0x78, 0x70, 0x72, 0x65, 0x73, 0x73, 0x20, 0x6F, 0x72, 0x20, 0x69, 0x6D, 0x70, 0x6C, 0x69, 0x65,
        0x64, 0x20, 0x77, 0x61, 0x72, 0x72, 0x61, 0x6E, 0x74, 0x79, 0x2E, 0x0A, 0x43, 0x4F, 0x4D, 0x4D,
        0x45, 0x4E, 0x54, 0x0A, 0x43, 0x4F, 0x4D, 0x4D, 0x45, 0x4E, 0x54, 0x20, 0x20, 0x41, 0x44, 0x4F,
        0x42, 0x45, 0x20, 0x53, 0x59, 0x53, 0x54, 0x45, 0x4D, 0x53, 0x20, 0x41, 0x4E, 0x44, 0x20, 0x44,
        0x49, 0x47, 0x49, 0x54, 0x41, 0x4C, 0x20, 0x45, 0x51, 0x55, 0x49, 0x50, 0x4D, 0x45, 0x4E, 0x54,
        0x20, 0x43, 0x4F, 0x52, 0x50, 0x4F, 0x52, 0x41, 0x54, 0x49, 0x4F, 0x4E, 0x20, 0x44, 0x49, 0x53,
        0x43, 0x4C, 0x41, 0x49, 0x4D, 0x20, 0x41, 0x4C, 0x4C, 0x0A, 0x43, 0x4F, 0x4D, 0x4D, 0x45, 0x4E,
        0x54, 0x20, 0x20, 0x57, 0x41, 0x52, 0x52, 0x41, 0x4E, 0x54, 0x49, 0x45, 0x53, 0x20, 0x57, 0x49,
        0x54, 0x48, 0x20, 0x52, 0x45, 0x47, 0x41, 0x52, 0x44, 0x20, 0x54, 0x4F, 0x20, 0x54, 0x48, 0x49,
        0x53, 0x20, 0x53, 0x4F, 0x46, 0x54, 0x57, 0x41, 0x52, 0x45, 0x2C, 0x20, 0x49, 0x4E, 0x43, 0x4C,
        0x55, 0x44, 0x49, 0x4E, 0x47, 0x20, 0x41, 0x4C, 0x4C, 0x20, 0x49, 0x4D, 0x50, 0x4C, 0x49, 0x45,
        0x44, 0x0A, 0x43, 0x4F, 0x4D, 0x4D, 0x45, 0x4E, 0x54, 0x20, 0x20, 0x57, 0x41, 0x52, 0x52, 0x41,
        0x4E, 0x54, 0x49, 0x45, 0x53, 0x20, 0x4F, 0x46, 0x20, 0x4D, 0x45, 0x52, 0x43, 0x48, 0x41, 0x4E,
        0x54, 0x41, 0x42, 0x49, 0x4C, 0x49, 0x54, 0x59, 0x20, 0x41, 0x4E, 0x44, 0x20, 0x46, 0x49, 0x54,
        0x4E, 0x45, 0x53, 0x53, 0x2C, 0x20, 0x49, 0x4E, 0x20, 0x4E, 0x4F, 0x20, 0x45, 0x56, 0x45, 0x4E,
        0x54, 0x20, 0x53, 0x48, 0x41, 0x4C, 0x4C, 0x20, 0x41, 0x44, 0x4F, 0x42, 0x45, 0x0A, 0x43, 0x4F,
        0x4D, 0x4D, 0x45, 0x4E, 0x54, 0x20, 0x20, 0x53, 0x59, 0x53, 0x54, 0x45, 0x4D, 0x53, 0x20, 0x41,
        0x4E, 0x44, 0x20, 0x44, 0x49, 0x47, 0x49, 0x54, 0x41, 0x4C, 0x20, 0x45, 0x51, 0x55, 0x49, 0x50,
        0x4D, 0x45, 0x4E, 0x54, 0x20, 0x43, 0x4F, 0x52, 0x50, 0x4F, 0x52, 0x41, 0x54, 0x49, 0x4F, 0x4E,
        0x20, 0x42, 0x45, 0x20, 0x4C, 0x49, 0x41, 0x42, 0x4C, 0x45, 0x20, 0x46, 0x4F, 0x52, 0x20, 0x41,
        0x4E, 0x59, 0x20, 0x53, 0x50, 0x45, 0x43, 0x49, 0x41, 0x4C, 0x2C, 0x0A, 0x43, 0x4F, 0x4D, 0x4D,
        0x45, 0x4E, 0x54, 0x20, 0x20, 0x49, 0x4E, 0x44, 0x49, 0x52, 0x45, 0x43, 0x54, 0x20, 0x4F, 0x52,
        0x20, 0x43, 0x4F, 0x4E, 0x53, 0x45, 0x51, 0x55, 0x45, 0x4E, 0x54, 0x49, 0x41, 0x4C, 0x20, 0x44,
        0x41, 0x4D, 0x41, 0x47, 0x45, 0x53, 0x20, 0x4F, 0x52, 0x20, 0x41, 0x4E, 0x59, 0x20, 0x44, 0x41,
        0x4D, 0x41, 0x47, 0x45, 0x53, 0x20, 0x57, 0x48, 0x41, 0x54, 0x53, 0x4F, 0x45, 0x56, 0x45, 0x52,
        0x0A, 0x43, 0x4F, 0x4D, 0x4D, 0x45, 0x4E, 0x54, 0x20, 0x20, 0x52, 0x45, 0x53, 0x55, 0x4C, 0x54,
        0x49, 0x4E, 0x47, 0x20, 0x46, 0x52, 0x4F, 0x4D, 0x20, 0x4C, 0x4F, 0x53, 0x53, 0x20, 0x4F, 0x46,
        0x20, 0x55, 0x53, 0x45, 0x2C, 0x20, 0x44, 0x41, 0x54, 0x41, 0x20, 0x4F, 0x52, 0x20, 0x50, 0x52,
        0x4F, 0x46, 0x49, 0x54, 0x53, 0x2C, 0x20, 0x57, 0x48, 0x45, 0x54, 0x48, 0x45, 0x52, 0x20, 0x49,
        0x4E, 0x20, 0x41, 0x4E, 0x20, 0x41, 0x43, 0x54, 0x49, 0x4F, 0x4E, 0x20, 0x4F, 0x46, 0x0A, 0x43,
        0x4F, 0x4D, 0x4D, 0x45, 0x4E, 0x54, 0x20, 0x20, 0x43, 0x4F, 0x4E, 0x54, 0x52, 0x41, 0x43, 0x54,
        0x2C, 0x20, 0x4E, 0x45, 0x47, 0x4C, 0x49, 0x47, 0x45, 0x4E, 0x43, 0x45, 0x20, 0x4F, 0x52, 0x20,
        0x4F, 0x54, 0x48, 0x45, 0x52, 0x20, 0x54, 0x4F, 0x52, 0x54, 0x49, 0x4F, 0x55, 0x53, 0x20, 0x41,
        0x43, 0x54, 0x49, 0x4F, 0x4E, 0x2C, 0x20, 0x41, 0x52, 0x49, 0x53, 0x49, 0x4E, 0x47, 0x20, 0x4F,
        0x55, 0x54, 0x20, 0x4F, 0x46, 0x20, 0x4F, 0x52, 0x20, 0x49, 0x4E, 0x0A, 0x43, 0x4F, 0x4D, 0x4D,
        0x45, 0x4E, 0x54, 0x20, 0x20, 0x43, 0x4F, 0x4E, 0x4E, 0x45, 0x43, 0x54, 0x49, 0x4F, 0x4E, 0x20,
        0x57, 0x49, 0x54, 0x48, 0x20, 0x54, 0x48, 0x45, 0x20, 0x55, 0x53, 0x45, 0x20, 0x4F, 0x52, 0x20,
        0x50, 0x45, 0x52, 0x46, 0x4F, 0x52, 0x4D, 0x41, 0x4E, 0x43, 0x45, 0x20, 0x4F, 0x46, 0x20, 0x54,
        0x48, 0x49, 0x53, 0x20, 0x53, 0x4F, 0x46, 0x54, 0x57, 0x41, 0x52, 0x45, 0x2E, 0x0A, 0x43, 0x4F,
        0x4D, 0x4D, 0x45, 0x4E, 0x54, 0x0A, 0x43, 0x4F, 0x4D, 0x4D, 0x45, 0x4E, 0x54, 0x0A, 0x46, 0x4F,
        0x4E, 0x54, 0x20, 0x2D, 0x41, 0x64, 0x6F, 0x62, 0x65, 0x2D, 0x43, 0x6F, 0x75, 0x72, 0x69, 0x65,
        0x72, 0x2D, 0x42, 0x6F, 0x6C, 0x64, 0x2D, 0x52, 0x2D, 0x4E, 0x6F, 0x72, 0x6D, 0x61, 0x6C, 0x2D,
        0x2D, 0x31, 0x38, 0x2D, 0x31, 0x38, 0x30, 0x2D, 0x37, 0x35, 0x2D, 0x37, 0x35, 0x2D, 0x4D, 0x2D,
        0x31, 0x31, 0x30, 0x2D, 0x49, 0x53, 0x4F, 0x38, 0x38, 0x35, 0x39, 0x2D, 0x31, 0x0A, 0x53, 0x49,
        0x5A, 0x45, 0x20, 0x31, 0x38, 0x20, 0x37, 0x35, 0x20, 0x37, 0x35, 0x0A, 0x46, 0x4F, 0x4E, 0x54,
        0x42, 0x4F, 0x55, 0x4E, 0x44, 0x49, 0x4E, 0x47, 0x42, 0x4F, 0x58, 0x20, 0x31, 0x33, 0x20, 0x32,
        0x30, 0x20, 0x2D, 0x31, 0x20, 0x2D, 0x35, 0x0A, 0x53, 0x54, 0x41, 0x52, 0x54, 0x50, 0x52, 0x4F,
        0x50, 0x45, 0x52, 0x54, 0x49, 0x45, 0x53, 0x20, 0x32, 0x32, 0x0A, 0x43, 0x4F, 0x4D, 0x4D, 0x45,
        0x4E, 0x54, 0x20, 0x42, 0x65, 0x67, 0x69, 0x6E, 0x20, 0x4C, 0x6F, 0x67, 0x69, 0x63, 0x61, 0x6C,
        0x46, 0x6F, 0x6E, 0x74, 0x44, 0x65, 0x73, 0x63, 0x72, 0x69, 0x70, 0x74, 0x69, 0x6F, 0x6E, 0x0A,
        0x46, 0x4F, 0x4E, 0x54, 0x4E, 0x41, 0x4D, 0x45, 0x5F, 0x52, 0x45, 0x47, 0x49, 0x53, 0x54, 0x52,
        0x59, 0x20, 0x22, 0x22, 0x0A, 0x46, 0x41, 0x4D, 0x49, 0x4C, 0x59, 0x5F, 0x4E, 0x41, 0x4D, 0x45,
        0x20, 0x22, 0x43, 0x6F, 0x75, 0x72, 0x69, 0x65, 0x72, 0x22, 0x0A, 0x46, 0x4F, 0x55, 0x4E, 0x44,
        0x52, 0x59, 0x20, 0x22, 0x41, 0x64, 0x6F, 0x62, 0x65, 0x22, 0x0A, 0x57, 0x45, 0x49, 0x47, 0x48,
        0x54, 0x5F, 0x4E, 0x41, 0x4D, 0x45, 0x20, 0x22, 0x42, 0x6F, 0x6C, 0x64, 0x22, 0x0A, 0x53, 0x4C,
        0x41, 0x4E, 0x54, 0x20, 0x22, 0x52, 0x22, 0x0A, 0x53, 0x45, 0x54, 0x57, 0x49, 0x44, 0x54, 0x48,
        0x5F, 0x4E, 0x41, 0x4D, 0x45, 0x20, 0x22, 0x4E, 0x6F, 0x72, 0x6D, 0x61, 0x6C, 0x22, 0x0A, 0x41,
        0x44, 0x44, 0x5F, 0x53, 0x54, 0x59, 0x4C, 0x45, 0x5F, 0x4E, 0x41, 0x4D, 0x45, 0x20, 0x22, 0x22,
        0x0A, 0x50, 0x49, 0x58, 0x45, 0x4C, 0x5F, 0x53, 0x49, 0x5A, 0x45, 0x20, 0x31, 0x38, 0x0A, 0x50,
        0x4F, 0x49, 0x4E, 0x54, 0x5F, 0x53, 0x49, 0x5A, 0x45, 0x20, 0x31, 0x38, 0x30, 0x0A, 0x52, 0x45,
        0x53, 0x4F, 0x4C, 0x55, 0x54, 0x49, 0x4F, 0x4E, 0x5F, 0x58, 0x20, 0x37, 0x35, 0x0A, 0x52, 0x45,
        0x53, 0x4F, 0x4C, 0x55, 0x54, 0x49, 0x4F, 0x4E, 0x5F, 0x59, 0x20, 0x37, 0x35, 0x0A, 0x53, 0x50,
        0x41, 0x43, 0x49, 0x4E, 0x47, 0x20, 0x22, 0x4D, 0x22, 0x0A, 0x41, 0x56, 0x45, 0x52, 0x41, 0x47,
        0x45, 0x5F, 0x57, 0x49, 0x44, 0x54, 0x48, 0x20, 0x31, 0x31, 0x30, 0x0A, 0x43, 0x48, 0x41, 0x52,
        0x53, 0x45, 0x54, 0x5F, 0x52, 0x45, 0x47, 0x49, 0x53, 0x54, 0x52, 0x59, 0x20, 0x22, 0x49, 0x53,
        0x4F, 0x38, 0x38, 0x35, 0x39, 0x22, 0x0A, 0x43, 0x48, 0x41, 0x52, 0x53, 0x45, 0x54, 0x5F, 0x45,
        0x4E, 0x43, 0x4F, 0x44, 0x49, 0x4E, 0x47, 0x20, 0x22, 0x31, 0x22, 0x0A, 0x43, 0x4F, 0x4D, 0x4D,
        0x45, 0x4E, 0x54, 0x20, 0x45, 0x4E, 0x44, 0x20, 0x4C, 0x6F, 0x67, 0x69, 0x63, 0x61, 0x6C, 0x46,
        0x6F, 0x6E, 0x74, 0x44, 0x65, 0x73, 0x63, 0x72, 0x69, 0x70, 0x74, 0x69, 0x6F, 0x6E, 0x0A, 0x43,
        0x48, 0x41, 0x52, 0x53, 0x45, 0x54, 0x5F, 0x43, 0x4F, 0x4C, 0x4C, 0x45, 0x43, 0x54, 0x49, 0x4F,
        0x4E, 0x53, 0x20, 0x22, 0x41, 0x53, 0x43, 0x49, 0x49, 0x20, 0x49, 0x53, 0x4F, 0x38, 0x38, 0x35,
        0x39, 0x2D, 0x31, 0x20, 0x41, 0x44, 0x4F, 0x42, 0x45, 0x2D, 0x53, 0x54, 0x41, 0x4E, 0x44, 0x41,
        0x52, 0x44, 0x22, 0x0A, 0x46, 0x55, 0x4C, 0x4C, 0x5F, 0x4E, 0x41, 0x4D, 0x45, 0x20, 0x22, 0x43,
        0x6F, 0x75, 0x72, 0x69, 0x65, 0x72, 0x20, 0x42, 0x6F, 0x6C, 0x64, 0x22, 0x0A, 0x43, 0x4F, 0x50,
        0x59, 0x52, 0x49, 0x47, 0x48, 0x54, 0x20, 0x22, 0x43, 0x6F, 0x70, 0x79, 0x72, 0x69, 0x67, 0x68,
        0x74, 0x20, 0x28, 0x63, 0x29, 0x20, 0x31, 0x39, 0x38, 0x35, 0x2C, 0x31, 0x39, 0x38, 0x37, 0x20,
        0x41, 0x64, 0x6F, 0x62, 0x65, 0x20, 0x53, 0x79, 0x73, 0x74, 0x65, 0x6D, 0x73, 0x2C, 0x20, 0x49,
        0x6E, 0x63, 0x2E, 0x2C, 0x20, 0x50, 0x6F, 0x72, 0x74, 0x69, 0x6F, 0x6E, 0x73, 0x20, 0x43, 0x6F,
        0x70, 0x79, 0x72, 0x69, 0x67, 0x68, 0x74, 0x20, 0x31, 0x39, 0x38, 0x38, 0x20, 0x44, 0x69, 0x67,
        0x69, 0x74, 0x61, 0x6C, 0x20, 0x45, 0x71, 0x75, 0x69, 0x70, 0x6D, 0x65, 0x6E, 0x74, 0x20, 0x43,
        0x6F, 0x72, 0x70, 0x2E, 0x22, 0x0A, 0x43, 0x4F, 0x4D, 0x4D, 0x45, 0x4E, 0x54, 0x20, 0x2A, 0x2A,
        0x2A, 0x2A, 0x2A, 0x20, 0x65, 0x6E, 0x64, 0x20, 0x6F, 0x66, 0x20, 0x69, 0x6E, 0x73, 0x65, 0x72,
        0x74, 0x65, 0x64, 0x20, 0x66, 0x6F, 0x6E, 0x74, 0x20, 0x70, 0x72, 0x6F, 0x70, 0x65, 0x72, 0x74,
        0x69, 0x65, 0x73, 0x0A, 0x46, 0x4F, 0x4E, 0x54, 0x5F, 0x41, 0x53, 0x43, 0x45, 0x4E, 0x54, 0x20,
        0x31, 0x33, 0x0A, 0x46, 0x4F, 0x4E, 0x54, 0x5F, 0x44, 0x45, 0x53, 0x43, 0x45, 0x4E, 0x54, 0x20,
        0x35, 0x0A, 0x43, 0x41, 0x50, 0x5F, 0x48, 0x45, 0x49, 0x47, 0x48, 0x54, 0x20, 0x31, 0x31, 0x0A,
        0x58, 0x5F, 0x48, 0x45, 0x49, 0x47, 0x48, 0x54, 0x20, 0x39, 0x0A, 0x45, 0x4E, 0x44, 0x50, 0x52,
        0x4F, 0x50, 0x45, 0x52, 0x54, 0x49, 0x45, 0x53, 0x0A, 0x43, 0x48, 0x41, 0x52, 0x53, 0x20, 0x32,
        0x32, 0x38, 0x0A, 0x53, 0x54, 0x41, 0x52, 0x54, 0x43, 0x48, 0x41, 0x52, 0x20, 0x73, 0x70, 0x61,
        0x63, 0x65, 0x0A, 0x45, 0x4E, 0x43, 0x4F, 0x44, 0x49, 0x4E, 0x47, 0x20, 0x33, 0x32, 0x0A, 0x53,
        0x57, 0x49, 0x44, 0x54, 0x48, 0x20, 0x36, 0x30, 0x30, 0x20, 0x30, 0x0A, 0x44, 0x57, 0x49, 0x44,
        0x54, 0x48, 0x20, 0x31, 0x31, 0x20, 0x30, 0x0A, 0x42, 0x42, 0x58, 0x20, 0x31, 0x20, 0x31, 0x20,
        0x30, 0x20, 0x30, 0x0A, 0x42, 0x49, 0x54, 0x4D, 0x41, 0x50, 0x0A, 0x30, 0x30, 0x0A, 0x45, 0x4E,
        0x44, 0x43, 0x48, 0x41, 0x52, 0x0A, 0x53, 0x54, 0x41, 0x52, 0x54, 0x43, 0x48, 0x41, 0x52, 0x20,
        0x65, 0x78, 0x63, 0x6C, 0x61, 0x6D, 0x0A, 0x45, 0x4E, 0x43, 0x4F, 0x44, 0x49, 0x4E, 0x47, 0x20,
        0x33, 0x33, 0x0A, 0x53, 0x57, 0x49, 0x44, 0x54, 0x48, 0x20, 0x36, 0x30, 0x30, 0x20, 0x30, 0x0A,
        0x44, 0x57, 0x49, 0x44, 0x54, 0x48, 0x20, 0x31, 0x31, 0x20, 0x30, 0x0A, 0x42, 0x42, 0x58, 0x20,
        0x33, 0x20, 0x31, 0x32, 0x20, 0x34, 0x20, 0x30, 0x0A, 0x42, 0x49, 0x54, 0x4D, 0x41, 0x50, 0x0A,
        0x45, 0x30, 0x0A, 0x45, 0x30, 0x0A, 0x45, 0x30, 0x0A, 0x45, 0x30, 0x0A, 0x45, 0x30, 0x0A, 0x45,
        0x30, 0x0A, 0x43, 0x30, 0x0A, 0x43, 0x30, 0x0A, 0x43, 0x30, 0x0A, 0x30, 0x30, 0x0A, 0x43, 0x30,
        0x0A, 0x43, 0x30, 0x0A, 0x45, 0x4E, 0x44, 0x43, 0x48, 0x41, 0x52, 0x0A, 0x53, 0x54, 0x41, 0x52,
        0x54, 0x43, 0x48, 0x41, 0x52, 0x20, 0x71, 0x75, 0x6F, 0x74, 0x65, 0x64, 0x62, 0x6C, 0x0A, 0x45,
        0x4E, 0x43, 0x4F, 0x44, 0x49, 0x4E, 0x47, 0x20, 0x33, 0x34, 0x0A, 0x53, 0x57, 0x49, 0x44, 0x54,
        0x48, 0x20, 0x36, 0x30, 0x30, 0x20, 0x30, 0x0A, 0x44, 0x57, 0x49, 0x44, 0x54, 0x48, 0x20, 0x31,
        0x31, 0x20, 0x30, 0x0A, 0x42, 0x42, 0x58, 0x20, 0x36, 0x20, 0x36, 0x20, 0x32, 0x20, 0x36, 0x0A,
        0x42, 0x49, 0x54, 0x4D, 0x41, 0x50, 0x0A, 0x43, 0x43, 0x0A, 0x43, 0x43, 0x0A, 0x43, 0x43, 0x0A,
        0x43, 0x43, 0x0A, 0x38, 0x38, 0x0A, 0x38, 0x38, 0x0A, 0x45, 0x4E, 0x44, 0x43, 0x48, 0x41, 0x52,
        0x0A, 0x53, 0x54, 0x41, 0x52, 0x54, 0x43, 0x48, 0x41, 0x52, 0x20, 0x6E, 0x75, 0x6D, 0x62, 0x65,
        0x72, 0x73, 0x69, 0x67, 0x6E, 0x0A, 0x45, 0x4E, 0x43, 0x4F, 0x44, 0x49, 0x4E, 0x47, 0x20, 0x33,
        0x35, 0x0A, 0x53, 0x57, 0x49, 0x44, 0x54, 0x48, 0x20, 0x36, 0x30, 0x30, 0x20, 0x30, 0x0A, 0x44,
        0x57, 0x49, 0x44, 0x54, 0x48, 0x20, 0x31, 0x31, 0x20, 0x30, 0x0A, 0x42, 0x42, 0x58, 0x20, 0x38,
        0x20, 0x31, 0x34, 0x20, 0x31, 0x20, 0x2D, 0x31, 0x0A, 0x42, 0x49, 0x54, 0x4D, 0x41, 0x50, 0x0A,
        0x33, 0x36, 0x0A, 0x33, 0x36, 0x0A, 0x33, 0x36, 0x0A, 0x33, 0x36, 0x0A, 0x46, 0x46, 0x0A, 0x46,
        0x46, 0x0A, 0x36, 0x43, 0x0A, 0x36, 0x43, 0x0A, 0x46, 0x46, 0x0A, 0x46, 0x46, 0x0A, 0x36, 0x43,
        0x0A, 0x36, 0x43, 0x0A, 0x36, 0x43, 0x0A, 0x36, 0x43, 0x0A, 0x45, 0x4E, 0x44, 0x43, 0x48, 0x41,
        0x52, 0x0A, 0x53, 0x54, 0x41, 0x52, 0x54, 0x43, 0x48, 0x41, 0x52, 0x20, 0x64, 0x6F, 0x6C, 0x6C,
        0x61, 0x72, 0x0A, 0x45, 0x4E, 0x43, 0x4F, 0x44, 0x49, 0x4E, 0x47, 0x20, 0x33, 0x36, 0x0A, 0x53,
        0x57, 0x49, 0x44, 0x54, 0x48, 0x20, 0x36, 0x30, 0x30, 0x20, 0x30, 0x0A, 0x44, 0x57, 0x49, 0x44,
        0x54, 0x48, 0x20, 0x31, 0x31, 0x20, 0x30, 0x0A, 0x42, 0x42, 0x58, 0x20, 0x38, 0x20, 0x31, 0x35,
        0x20, 0x31, 0x20, 0x2D, 0x32, 0x0A, 0x42, 0x49, 0x54, 0x4D, 0x41, 0x50, 0x0A, 0x31, 0x38, 0x0A,
        0x31, 0x38, 0x0A, 0x33, 0x46, 0x0A, 0x37, 0x46, 0x0A, 0x43, 0x33, 0x0A, 0x43, 0x30, 0x0A, 0x46,
        0x30, 0x0A, 0x37, 0x45, 0x0A, 0x30, 0x46, 0x0A, 0x30, 0x33, 0x0A, 0x43, 0x37, 0x0A, 0x46, 0x45,
        0x0A, 0x46, 0x43, 0x0A, 0x31, 0x38, 0x0A, 0x31, 0x38, 0x0A, 0x45, 0x4E, 0x44, 0x43, 0x48, 0x41,
        0x52, 0x0A, 0x53, 0x54, 0x41, 0x52, 0x54, 0x43, 0x48, 0x41, 0x52, 0x20, 0x70, 0x65, 0x72, 0x63,
        0x65, 0x6E, 0x74, 0x0A, 0x45, 0x4E, 0x43, 0x4F, 0x44, 0x49, 0x4E, 0x47, 0x20, 0x33, 0x37, 0x0A,
        0x53, 0x57, 0x49, 0x44, 0x54, 0x48, 0x20, 0x36, 0x30, 0x30, 0x20, 0x30, 0x0A, 0x44, 0x57, 0x49,
        0x44, 0x54, 0x48, 0x20, 0x31, 0x31, 0x20, 0x30, 0x0A, 0x42, 0x42, 0x58, 0x20, 0x38, 0x20, 0x31,
        0x32, 0x20, 0x31, 0x20, 0x30, 0x0A, 0x42, 0x49, 0x54, 0x4D, 0x41, 0x50, 0x0A, 0x37, 0x30, 0x0A,
        0x44, 0x38, 0x0A, 0x38, 0x38, 0x0A, 0x44, 0x38, 0x0A, 0x37, 0x33, 0x0A, 0x30, 0x45, 0x0A, 0x37,
        0x38, 0x0A, 0x43, 0x45, 0x0A, 0x31, 0x42, 0x0A, 0x31, 0x31, 0x0A, 0x31, 0x42, 0x0A, 0x30, 0x45,
        0x0A, 0x45, 0x4E, 0x44, 0x43, 0x48, 0x41, 0x52, 0x0A, 0x53, 0x54, 0x41, 0x52, 0x54, 0x43, 0x48,
        0x41, 0x52, 0x20, 0x61, 0x6D, 0x70, 0x65, 0x72, 0x73, 0x61, 0x6E, 0x64, 0x0A, 0x45, 0x4E, 0x43,
        0x4F, 0x44, 0x49, 0x4E, 0x47, 0x20, 0x33, 0x38, 0x0A, 0x53, 0x57, 0x49, 0x44, 0x54, 0x48, 0x20,
        0x36, 0x30, 0x30, 0x20, 0x30, 0x0A, 0x44, 0x57, 0x49, 0x44, 0x54, 0x48, 0x20, 0x31, 0x31, 0x20,
        0x30, 0x0A, 0x42, 0x42, 0x58, 0x20, 0x38, 0x20, 0x31, 0x30, 0x20, 0x31, 0x20, 0x30, 0x0A, 0x42,
        0x49, 0x54, 0x4D, 0x41, 0x50, 0x0A, 0x33, 0x43, 0x0A, 0x37, 0x45, 0x0A, 0x36, 0x36, 0x0A, 0x36,
        0x30, 0x0A, 0x33, 0x30, 0x0A, 0x37, 0x42, 0x0A, 0x46, 0x46, 0x0A, 0x43, 0x45, 0x0A, 0x46, 0x46,
        0x0A, 0x37, 0x42, 0x0A, 0x45, 0x4E, 0x44, 0x43, 0x48, 0x41, 0x52, 0x0A, 0x53, 0x54, 0x41, 0x52,
        0x54, 0x43, 0x48, 0x41, 0x52, 0x20, 0x71, 0x75, 0x6F, 0x74, 0x65, 0x72, 0x69, 0x67, 0x68, 0x74,
        0x0A, 0x45, 0x4E, 0x43, 0x4F, 0x44, 0x49, 0x4E, 0x47, 0x20, 0x33, 0x39, 0x0A, 0x53, 0x57, 0x49,
        0x44, 0x54, 0x48, 0x20, 0x36, 0x30, 0x30, 0x20, 0x30, 0x0A, 0x44, 0x57, 0x49, 0x44, 0x54, 0x48,
        0x20, 0x31, 0x31, 0x20, 0x30, 0x0A, 0x42, 0x42, 0x58, 0x20, 0x34, 0x20, 0x35, 0x20, 0x33, 0x20,
        0x37, 0x0A, 0x42, 0x49, 0x54, 0x4D, 0x41, 0x50, 0x0A, 0x33, 0x30, 0x0A, 0x33, 0x30, 0x0A, 0x36,
        0x30, 0x0A, 0x36, 0x30, 0x0A, 0x43, 0x30, 0x0A, 0x45, 0x4E, 0x44, 0x43, 0x48, 0x41, 0x52, 0x0A,
        0x53, 0x54, 0x41, 0x52, 0x54, 0x43, 0x48, 0x41, 0x52, 0x20, 0x70, 0x61, 0x72, 0x65, 0x6E, 0x6C,
        0x65, 0x66, 0x74, 0x0A, 0x45, 0x4E, 0x43, 0x4F, 0x44, 0x49, 0x4E, 0x47, 0x20, 0x34, 0x30, 0x0A,
        0x53, 0x57, 0x49, 0x44, 0x54, 0x48, 0x20, 0x36, 0x30, 0x30, 0x20, 0x30, 0x0A, 0x44, 0x57, 0x49,
        0x44, 0x54, 0x48, 0x20, 0x31, 0x31, 0x20, 0x30, 0x0A, 0x42, 0x42, 0x58, 0x20, 0x34, 0x20, 0x31,
        0x35, 0x20, 0x34, 0x20, 0x2D, 0x33, 0x0A, 0x42, 0x49, 0x54, 0x4D, 0x41, 0x50, 0x0A, 0x33, 0x30,
        0x0A, 0x33, 0x30, 0x0A, 0x36, 0x30, 0x0A, 0x36, 0x30, 0x0A, 0x43, 0x30, 0x0A, 0x43, 0x30, 0x0A,
        0x43, 0x30, 0x0A, 0x43, 0x30, 0x0A, 0x43, 0x30, 0x0A, 0x43, 0x30, 0x0A, 0x43, 0x30, 0x0A, 0x36,
        0x30, 0x0A, 0x36, 0x30, 0x0A, 0x33, 0x30, 0x0A, 0x33, 0x30, 0x0A, 0x45, 0x4E, 0x44, 0x43, 0x48,
        0x41, 0x52, 0x0A, 0x53, 0x54, 0x41, 0x52, 0x54, 0x43, 0x48, 0x41, 0x52, 0x20, 0x70, 0x61, 0x72,
        0x65, 0x6E, 0x72, 0x69, 0x67, 0x68, 0x74, 0x0A, 0x45, 0x4E, 0x43, 0x4F, 0x44, 0x49, 0x4E, 0x47,
        0x20, 0x34, 0x31, 0x0A, 0x53, 0x57, 0x49, 0x44, 0x54, 0x48, 0x20, 0x36, 0x30, 0x30, 0x20, 0x30,
        0x0A, 0x44, 0x57, 0x49, 0x44, 0x54, 0x48, 0x20, 0x31, 0x31, 0x20, 0x30, 0x0A, 0x42, 0x42, 0x58,
        0x20, 0x34, 0x20, 0x31, 0x35, 0x20, 0x32, 0x20, 0x2D, 0x33, 0x0A, 0x42, 0x49, 0x54, 0x4D, 0x41,
        0x50, 0x0A, 0x43, 0x30, 0x0A, 0x43, 0x30, 0x0A, 0x36, 0x30, 0x0A, 0x36, 0x30, 0x0A, 0x33, 0x30,
        0x0A, 0x33, 0x30, 0x0A, 0x33, 0x30, 0x0A, 0x33, 0x30, 0x0A, 0x33, 0x30, 0x0A, 0x33, 0x30, 0x0A,
        0x33, 0x30, 0x0A, 0x36, 0x30, 0x0A, 0x36, 0x30, 0x0A, 0x43, 0x30, 0x0A, 0x43, 0x30, 0x0A, 0x45,
        0x4E, 0x44, 0x43, 0x48, 0x41, 0x52, 0x0A, 0x53, 0x54, 0x41, 0x52, 0x54, 0x43, 0x48, 0x41, 0x52,
        0x20, 0x61, 0x73, 0x74, 0x65, 0x72, 0x69, 0x73, 0x6B, 0x0A, 0x45, 0x4E, 0x43, 0x4F, 0x44, 0x49,
        0x4E, 0x47, 0x20, 0x34, 0x32, 0x0A, 0x53, 0x57, 0x49, 0x44, 0x54, 0x48, 0x20, 0x36, 0x30, 0x30,
        0x20, 0x30, 0x0A, 0x44, 0x57, 0x49, 0x44, 0x54, 0x48, 0x20, 0x31, 0x31, 0x20, 0x30, 0x0A, 0x42,
        0x42, 0x58, 0x20, 0x38, 0x20, 0x38, 0x20, 0x31, 0x20, 0x34, 0x0A, 0x42, 0x49, 0x54, 0x4D, 0x41,
        0x50, 0x0A, 0x31, 0x38, 0x0A, 0x31, 0x38, 0x0A, 0x44, 0x42, 0x0A, 0x37, 0x45, 0x0A, 0x33, 0x43,
        0x0A, 0x37, 0x45, 0x0A, 0x36, 0x36, 0x0A, 0x43, 0x33, 0x0A, 0x45, 0x4E, 0x44, 0x43, 0x48, 0x41,
        0x52, 0x0A, 0x53, 0x54, 0x41, 0x52, 0x54, 0x43, 0x48, 0x41, 0x52, 0x20, 0x70, 0x6C, 0x75, 0x73,
        0x0A, 0x45, 0x4E, 0x43, 0x4F, 0x44, 0x49, 0x4E, 0x47, 0x20, 0x34, 0x33, 0x0A, 0x53, 0x57, 0x49,
        0x44, 0x54, 0x48, 0x20, 0x36, 0x30, 0x30, 0x20, 0x30, 0x0A, 0x44, 0x57, 0x49, 0x44, 0x54, 0x48,
        0x20, 0x31, 0x31, 0x20, 0x30, 0x0A, 0x42, 0x42, 0x58, 0x20, 0x31, 0x30, 0x20, 0x31, 0x30, 0x20,
        0x30, 0x20, 0x30, 0x0A, 0x42, 0x49, 0x54, 0x4D, 0x41, 0x50, 0x0A, 0x30, 0x43, 0x30, 0x30, 0x0A,
        0x30, 0x43, 0x30, 0x30, 0x0A, 0x30, 0x43, 0x30, 0x30, 0x0A, 0x30, 0x43, 0x30, 0x30, 0x0A, 0x46,
        0x46, 0x43, 0x30, 0x0A, 0x46, 0x46, 0x43, 0x30, 0x0A, 0x30, 0x43, 0x30, 0x30, 0x0A, 0x30, 0x43,
        0x30, 0x30, 0x0A, 0x30, 0x43, 0x30, 0x30, 0x0A, 0x30, 0x43, 0x30, 0x30, 0x0A, 0x45, 0x4E, 0x44,
        0x43, 0x48, 0x41, 0x52, 0x0A, 0x53, 0x54, 0x41, 0x52, 0x54, 0x43, 0x48, 0x41, 0x52, 0x20, 0x63,
        0x6F, 0x6D, 0x6D, 0x61, 0x0A, 0x45, 0x4E, 0x43, 0x4F, 0x44, 0x49, 0x4E, 0x47, 0x20, 0x34, 0x34,
        0x0A, 0x53, 0x57, 0x49, 0x44, 0x54, 0x48, 0x20, 0x36, 0x30, 0x30, 0x20, 0x30, 0x0A, 0x44, 0x57,
        0x49, 0x44, 0x54, 0x48, 0x20, 0x31, 0x31, 0x20, 0x30, 0x0A, 0x42, 0x42, 0x58, 0x20, 0x33, 0x20,
        0x35, 0x20, 0x33, 0x20, 0x2D, 0x33, 0x0A, 0x42, 0x49, 0x54, 0x4D, 0x41, 0x50, 0x0A, 0x36, 0x30,
        0x0A, 0x36, 0x30, 0x0A, 0x43, 0x30, 0x0A, 0x43, 0x30, 0x0A, 0x38, 0x30, 0x0A, 0x45, 0x4E, 0x44,
        0x43, 0x48, 0x41, 0x52, 0x0A, 0x53, 0x54, 0x41, 0x52, 0x54, 0x43, 0x48, 0x41, 0x52, 0x20, 0x6D,
        0x69, 0x6E, 0x75, 0x73, 0x0A, 0x45, 0x4E, 0x43, 0x4F, 0x44, 0x49, 0x4E, 0x47, 0x20, 0x34, 0x35,
        0x0A, 0x53, 0x57, 0x49, 0x44, 0x54, 0x48, 0x20, 0x36, 0x30, 0x30, 0x20, 0x30, 0x0A, 0x44, 0x57,
        0x49, 0x44, 0x54, 0x48, 0x20, 0x31, 0x31, 0x20, 0x30, 0x0A, 0x42, 0x42, 0x58, 0x20, 0x31, 0x30,
        0x20, 0x32, 0x20, 0x30, 0x20, 0x34, 0x0A, 0x42, 0x49, 0x54, 0x4D, 0x41, 0x50, 0x0A, 0x46, 0x46,
        0x43, 0x30, 0x0A, 0x46, 0x46, 0x43, 0x30, 0x0A, 0x45, 0x4E, 0x44, 0x43, 0x48, 0x41, 0x52, 0x0A,
        0x53, 0x54, 0x41, 0x52, 0x54, 0x43, 0x48, 0x41, 0x52, 0x20, 0x70, 0x65, 0x72, 0x69, 0x6F, 0x64,
        0x0A, 0x45, 0x4E, 0x43, 0x4F, 0x44, 0x49, 0x4E, 0x47, 0x20, 0x34, 0x36, 0x0A, 0x53, 0x57, 0x49,
        0x44, 0x54, 0x48, 0x20, 0x36, 0x30, 0x30, 0x20, 0x30, 0x0A, 0x44, 0x57, 0x49, 0x44, 0x54, 0x48,
        0x20, 0x31, 0x31, 0x20, 0x30, 0x0A, 0x42, 0x42, 0x58, 0x20, 0x32, 0x20, 0x32, 0x20, 0x34, 0x20,
        0x30, 0x0A, 0x42, 0x49, 0x54, 0x4D, 0x41, 0x50, 0x0A, 0x43, 0x30, 0x0A, 0x43, 0x30, 0x0A, 0x45,
        0x4E, 0x44, 0x43, 0x48, 0x41, 0x52, 0x0A, 0x53, 0x54, 0x41, 0x52, 0x54, 0x43, 0x48, 0x41, 0x52,
        0x20, 0x73, 0x6C, 0x61, 0x73, 0x68, 0x0A, 0x45, 0x4E, 0x43, 0x4F, 0x44, 0x49, 0x4E, 0x47, 0x20,
        0x34, 0x37, 0x0A, 0x53, 0x57, 0x49, 0x44, 0x54, 0x48, 0x20, 0x36, 0x30, 0x30, 0x20, 0x30, 0x0A,
        0x44, 0x57, 0x49, 0x44, 0x54, 0x48, 0x20, 0x31, 0x31, 0x20, 0x30, 0x0A, 0x42, 0x42, 0x58, 0x20,
        0x39, 0x20, 0x31, 0x36, 0x20, 0x30, 0x20, 0x2D, 0x33, 0x0A, 0x42, 0x49, 0x54, 0x4D, 0x41, 0x50,
        0x0A, 0x30, 0x31, 0x38, 0x30, 0x0A, 0x30, 0x31, 0x38, 0x30, 0x0A, 0x30, 0x33, 0x30, 0x30, 0x0A,
        0x30, 0x33, 0x30, 0x30, 0x0A, 0x30, 0x36, 0x30, 0x30, 0x0A, 0x30, 0x36, 0x30, 0x30, 0x0A, 0x30,
        0x43, 0x30, 0x30, 0x0A, 0x30, 0x43, 0x30, 0x30, 0x0A, 0x31, 0x38, 0x30, 0x30, 0x0A, 0x31, 0x38,
        0x30, 0x30, 0x0A, 0x33, 0x30, 0x30, 0x30, 0x0A, 0x33, 0x30, 0x30, 0x30, 0x0A, 0x36, 0x30, 0x30,
        0x30, 0x0A, 0x36, 0x30, 0x30, 0x30, 0x0A, 0x43, 0x30, 0x30, 0x30, 0x0A, 0x43, 0x30, 0x30, 0x30,
        0x0A, 0x45, 0x4E, 0x44, 0x43, 0x48, 0x41, 0x52, 0x0A, 0x53, 0x54, 0x41, 0x52, 0x54, 0x43, 0x48,
        0x41, 0x52, 0x20, 0x7A, 0x65, 0x72, 0x6F, 0x0A, 0x45, 0x4E, 0x43, 0x4F, 0x44, 0x49, 0x4E, 0x47,
        0x20, 0x34, 0x38, 0x0A, 0x53, 0x57, 0x49, 0x44, 0x54, 0x48, 0x20, 0x36, 0x30, 0x30, 0x20, 0x30,
        0x0A, 0x44, 0x57, 0x49, 0x44, 0x54, 0x48, 0x20, 0x31, 0x31, 0x20, 0x30, 0x0A, 0x42, 0x42, 0x58,
        0x20, 0x38, 0x20, 0x31, 0x32, 0x20, 0x31, 0x20, 0x30, 0x0A, 0x42, 0x49, 0x54, 0x4D, 0x41, 0x50,
        0x0A, 0x33, 0x43, 0x0A, 0x37, 0x45, 0x0A, 0x36, 0x36, 0x0A, 0x43, 0x33, 0x0A, 0x43, 0x33, 0x0A,
        0x43, 0x33, 0x0A, 0x43, 0x33, 0x0A, 0x43, 0x33, 0x0A, 0x43, 0x33, 0x0A, 0x36, 0x36, 0x0A, 0x37,
        0x45, 0x0A, 0x33, 0x43, 0x0A, 0x45, 0x4E, 0x44, 0x43, 0x48, 0x41, 0x52, 0x0A, 0x53, 0x54, 0x41,
        0x52, 0x54, 0x43, 0x48, 0x41, 0x52, 0x20, 0x6F, 0x6E, 0x65, 0x0A, 0x45, 0x4E, 0x43, 0x4F, 0x44,
        0x49, 0x4E, 0x47, 0x20, 0x34, 0x39, 0x0A, 0x53, 0x57, 0x49, 0x44, 0x54, 0x48, 0x20, 0x36, 0x30,
        0x30, 0x20, 0x30, 0x0A, 0x44, 0x57, 0x49, 0x44, 0x54, 0x48, 0x20, 0x31, 0x31, 0x20, 0x30, 0x0A,
        0x42, 0x42, 0x58, 0x20, 0x38, 0x20, 0x31, 0x32, 0x20, 0x31, 0x20, 0x30, 0x0A, 0x42, 0x49, 0x54,
        0x4D, 0x41, 0x50, 0x0A, 0x31, 0x38, 0x0A, 0x46, 0x38, 0x0A, 0x46, 0x38, 0x0A, 0x31, 0x38, 0x0A,
        0x31, 0x38, 0x0A, 0x31, 0x38, 0x0A, 0x31, 0x38, 0x0A, 0x31, 0x38, 0x0A, 0x31, 0x38, 0x0A, 0x31,
        0x38, 0x0A, 0x46, 0x46, 0x0A, 0x46, 0x46, 0x0A, 0x45, 0x4E, 0x44, 0x43, 0x48, 0x41, 0x52, 0x0A,
        0x53, 0x54, 0x41, 0x52, 0x54, 0x43, 0x48, 0x41, 0x52, 0x20, 0x74, 0x77, 0x6F, 0x0A, 0x45, 0x4E,
        0x43, 0x4F, 0x44, 0x49, 0x4E, 0x47, 0x20, 0x35, 0x30, 0x0A, 0x53, 0x57, 0x49, 0x44, 0x54, 0x48,
        0x20, 0x36, 0x30, 0x30, 0x20, 0x30, 0x0A, 0x44, 0x57, 0x49, 0x44, 0x54, 0x48, 0x20, 0x31, 0x31,
        0x20, 0x30, 0x0A, 0x42, 0x42, 0x58, 0x20, 0x38, 0x20, 0x31, 0x32, 0x20, 0x31, 0x20, 0x30, 0x0A,
        0x42, 0x49, 0x54, 0x4D, 0x41, 0x50, 0x0A, 0x33, 0x43, 0x0A, 0x37, 0x45, 0x0A, 0x43, 0x37, 0x0A,
        0x43, 0x33, 0x0A, 0x30, 0x33, 0x0A, 0x30, 0x37, 0x0A, 0x30, 0x45, 0x0A, 0x31, 0x43, 0x0A, 0x33,
        0x38, 0x0A, 0x37, 0x30, 0x0A, 0x46, 0x46, 0x0A, 0x46, 0x46, 0x0A, 0x45, 0x4E, 0x44, 0x43, 0x48,
        0x41, 0x52, 0x0A, 0x53, 0x54, 0x41, 0x52, 0x54, 0x43, 0x48, 0x41, 0x52, 0x20, 0x74, 0x68, 0x72,
        0x65, 0x65, 0x0A, 0x45, 0x4E, 0x43, 0x4F, 0x44, 0x49, 0x4E, 0x47, 0x20, 0x35, 0x31, 0x0A, 0x53,
        0x57, 0x49, 0x44, 0x54, 0x48, 0x20, 0x36, 0x30, 0x30, 0x20, 0x30, 0x0A, 0x44, 0x57, 0x49, 0x44,
        0x54, 0x48, 0x20, 0x31, 0x31, 0x20, 0x30, 0x0A, 0x42, 0x42, 0x58, 0x20, 0x38, 0x20, 0x31, 0x32,
        0x20, 0x31, 0x20, 0x30, 0x0A, 0x42, 0x49, 0x54, 0x4D, 0x41, 0x50, 0x0A, 0x33, 0x45, 0x0A, 0x37,
        0x46, 0x0A, 0x36, 0x33, 0x0A, 0x30, 0x33, 0x0A, 0x30, 0x36, 0x0A, 0x33, 0x43, 0x0A, 0x33, 0x45,
        0x0A, 0x30, 0x37, 0x0A, 0x30, 0x33, 0x0A, 0x43, 0x33, 0x0A, 0x46, 0x45, 0x0A, 0x37, 0x43, 0x0A,
        0x45, 0x4E, 0x44, 0x43, 0x48, 0x41, 0x52, 0x0A, 0x53, 0x54, 0x41, 0x52, 0x54, 0x43, 0x48, 0x41,
        0x52, 0x20, 0x66, 0x6F, 0x75, 0x72, 0x0A, 0x45, 0x4E, 0x43, 0x4F, 0x44, 0x49, 0x4E, 0x47, 0x20,
        0x35, 0x32, 0x0A, 0x53, 0x57, 0x49, 0x44, 0x54, 0x48, 0x20, 0x36, 0x30, 0x30, 0x20, 0x30, 0x0A,
        0x44, 0x57, 0x49, 0x44, 0x54, 0x48, 0x20, 0x31, 0x31, 0x20, 0x30, 0x0A, 0x42, 0x42, 0x58, 0x20,
        0x38, 0x20, 0x31, 0x32, 0x20, 0x31, 0x20, 0x30, 0x0A, 0x42, 0x49, 0x54, 0x4D, 0x41, 0x50, 0x0A,
        0x30, 0x45, 0x0A, 0x31, 0x45, 0x0A, 0x33, 0x45, 0x0A, 0x33, 0x36, 0x0A, 0x36, 0x36, 0x0A, 0x36,
        0x36, 0x0A, 0x43, 0x36, 0x0A, 0x46, 0x46, 0x0A, 0x46, 0x46, 0x0A, 0x30, 0x36, 0x0A, 0x31, 0x46,
        0x0A, 0x31, 0x46, 0x0A, 0x45, 0x4E, 0x44, 0x43, 0x48, 0x41, 0x52, 0x0A, 0x53, 0x54, 0x41, 0x52,
        0x54, 0x43, 0x48, 0x41, 0x52, 0x20, 0x66, 0x69, 0x76, 0x65, 0x0A, 0x45, 0x4E, 0x43, 0x4F, 0x44,
        0x49, 0x4E, 0x47, 0x20, 0x35, 0x33, 0x0A, 0x53, 0x57, 0x49, 0x44, 0x54, 0x48, 0x20, 0x36, 0x30,
        0x30, 0x20, 0x30, 0x0A, 0x44, 0x57, 0x49, 0x44, 0x54, 0x48, 0x20, 0x31, 0x31, 0x20, 0x30, 0x0A,
        0x42, 0x42, 0x58, 0x20, 0x38, 0x20, 0x31, 0x32, 0x20, 0x31, 0x20, 0x30, 0x0A, 0x42, 0x49, 0x54,
        0x4D, 0x41, 0x50, 0x0A, 0x37, 0x46, 0x0A, 0x37, 0x46, 0x0A, 0x36, 0x30, 0x0A, 0x36, 0x30, 0x0A,
        0x37, 0x45, 0x0A, 0x37, 0x46, 0x0A, 0x36, 0x33, 0x0A, 0x30, 0x33, 0x0A, 0x30, 0x33, 0x0A, 0x43,
        0x37, 0x0A, 0x46, 0x45, 0x0A, 0x37, 0x43, 0x0A, 0x45, 0x4E, 0x44, 0x43, 0x48, 0x41, 0x52, 0x0A,
        0x53, 0x54, 0x41, 0x52, 0x54, 0x43, 0x48, 0x41, 0x52, 0x20, 0x73, 0x69, 0x78, 0x0A, 0x45, 0x4E,
        0x43, 0x4F, 0x44, 0x49, 0x4E, 0x47, 0x20, 0x35, 0x34, 0x0A, 0x53, 0x57, 0x49, 0x44, 0x54, 0x48,
        0x20, 0x36, 0x30, 0x30, 0x20, 0x30, 0x0A, 0x44, 0x57, 0x49, 0x44, 0x54, 0x48, 0x20, 0x31, 0x31,
        0x20, 0x30, 0x0A, 0x42, 0x42, 0x58, 0x20, 0x38, 0x20, 0x31, 0x32, 0x20, 0x31, 0x20, 0x30, 0x0A,
        0x42, 0x49, 0x54, 0x4D, 0x41, 0x50, 0x0A, 0x31, 0x46, 0x0A, 0x37, 0x46, 0x0A, 0x36, 0x30, 0x0A,
        0x43, 0x30, 0x0A, 0x44, 0x43, 0x0A, 0x46, 0x45, 0x0A, 0x45, 0x33, 0x0A, 0x43, 0x33, 0x0A, 0x43,
        0x33, 0x0A, 0x43, 0x33, 0x0A, 0x37, 0x45, 0x0A, 0x33, 0x43, 0x0A, 0x45, 0x4E, 0x44, 0x43, 0x48,
        0x41, 0x52, 0x0A, 0x53, 0x54, 0x41, 0x52, 0x54, 0x43, 0x48, 0x41, 0x52, 0x20, 0x73, 0x65, 0x76,
        0x65, 0x6E, 0x0A, 0x45, 0x4E, 0x43, 0x4F, 0x44, 0x49, 0x4E, 0x47, 0x20, 0x35, 0x35, 0x0A, 0x53,
        0x57, 0x49, 0x44, 0x54, 0x48, 0x20, 0x36, 0x30, 0x30, 0x20, 0x30, 0x0A, 0x44, 0x57, 0x49, 0x44,
        0x54, 0x48, 0x20, 0x31, 0x31, 0x20, 0x30, 0x0A, 0x42, 0x42, 0x58, 0x20, 0x38, 0x20, 0x31, 0x32,
        0x20, 0x31, 0x20, 0x30, 0x0A, 0x42, 0x49, 0x54, 0x4D, 0x41, 0x50, 0x0A, 0x46, 0x46, 0x0A, 0x46,
        0x46, 0x0A, 0x43, 0x33, 0x0A, 0x30, 0x36, 0x0A, 0x30, 0x36, 0x0A, 0x30, 0x36, 0x0A, 0x30, 0x43,
        0x0A, 0x30, 0x43, 0x0A, 0x30, 0x43, 0x0A, 0x31, 0x38, 0x0A, 0x31, 0x38, 0x0A, 0x31, 0x38, 0x0A,
        0x45, 0x4E, 0x44, 0x43, 0x48, 0x41, 0x52, 0x0A, 0x53, 0x54, 0x41, 0x52, 0x54, 0x43, 0x48, 0x41,
        0x52, 0x20, 0x65, 0x69, 0x67, 0x68, 0x74, 0x0A, 0x45, 0x4E, 0x43, 0x4F, 0x44, 0x49, 0x4E, 0x47,
        0x20, 0x35, 0x36, 0x0A, 0x53, 0x57, 0x49, 0x44, 0x54, 0x48, 0x20, 0x36, 0x30, 0x30, 0x20, 0x30,
        0x0A, 0x44, 0x57, 0x49, 0x44, 0x54, 0x48, 0x20, 0x31, 0x31, 0x20, 0x30, 0x0A, 0x42, 0x42, 0x58,
        0x20, 0x38, 0x20, 0x31, 0x32, 0x20, 0x31, 0x20, 0x30, 0x0A, 0x42, 0x49, 0x54, 0x4D, 0x41, 0x50,
        0x0A, 0x33, 0x43, 0x0A, 0x37, 0x45, 0x0A, 0x43, 0x33, 0x0A, 0x43, 0x33, 0x0A, 0x36, 0x36, 0x0A,
        0x33, 0x43, 0x0A, 0x37, 0x45, 0x0A, 0x43, 0x33, 0x0A, 0x43, 0x33, 0x0A, 0x43, 0x33, 0x0A, 0x37,
        0x45, 0x0A, 0x33, 0x43, 0x0A, 0x45, 0x4E, 0x44, 0x43, 0x48, 0x41, 0x52, 0x0A, 0x53, 0x54, 0x41,
        0x52, 0x54, 0x43, 0x48, 0x41, 0x52, 0x20, 0x6E, 0x69, 0x6E, 0x65, 0x0A, 0x45, 0x4E, 0x43, 0x4F,
        0x44, 0x49, 0x4E, 0x47, 0x20, 0x35, 0x37, 0x0A, 0x53, 0x57, 0x49, 0x44, 0x54, 0x48, 0x20, 0x36,
        0x30, 0x30, 0x20, 0x30, 0x0A, 0x44, 0x57, 0x49, 0x44, 0x54, 0x48, 0x20, 0x31, 0x31, 0x20, 0x30,
        0x0A, 0x42, 0x42, 0x58, 0x20, 0x38, 0x20, 0x31, 0x32, 0x20, 0x31, 0x20, 0x30, 0x0A, 0x42, 0x49,
        0x54, 0x4D, 0x41, 0x50, 0x0A, 0x33, 0x43, 0x0A, 0x37, 0x45, 0x0A, 0x43, 0x33, 0x0A, 0x43, 0x33,
        0x0A, 0x43, 0x33, 0x0A, 0x43, 0x37, 0x0A, 0x37, 0x46, 0x0A, 0x33, 0x42, 0x0A, 0x30, 0x33, 0x0A,
        0x30, 0x36, 0x0A, 0x46, 0x45, 0x0A, 0x46, 0x38, 0x0A, 0x45, 0x4E, 0x44, 0x43, 0x48, 0x41, 0x52,
        0x0A, 0x53, 0x54, 0x41, 0x52, 0x54, 0x43, 0x48, 0x41, 0x52, 0x20, 0x63, 0x6F, 0x6C, 0x6F, 0x6E,
        0x0A, 0x45, 0x4E, 0x43, 0x4F, 0x44, 0x49, 0x4E, 0x47, 0x20, 0x35, 0x38, 0x0A, 0x53, 0x57, 0x49,
        0x44, 0x54, 0x48, 0x20, 0x36, 0x30, 0x30, 0x20, 0x30, 0x0A, 0x44, 0x57, 0x49, 0x44, 0x54, 0x48,
        0x20, 0x31, 0x31, 0x20, 0x30, 0x0A, 0x42, 0x42, 0x58, 0x20, 0x32, 0x20, 0x38, 0x20, 0x34, 0x20,
        0x30, 0x0A, 0x42, 0x49, 0x54, 0x4D, 0x41, 0x50, 0x0A, 0x43, 0x30, 0x0A, 0x43, 0x30, 0x0A, 0x30,
        0x30, 0x0A, 0x30, 0x30, 0x0A, 0x30, 0x30, 0x0A, 0x30, 0x30, 0x0A, 0x43, 0x30, 0x0A, 0x43, 0x30,
        0x0A, 0x45, 0x4E, 0x44, 0x43, 0x48, 0x41, 0x52, 0x0A, 0x53, 0x54, 0x41, 0x52, 0x54, 0x43, 0x48,
        0x41, 0x52, 0x20, 0x73, 0x65, 0x6D, 0x69, 0x63, 0x6F, 0x6C, 0x6F, 0x6E, 0x0A, 0x45, 0x4E, 0x43,
        0x4F, 0x44, 0x49, 0x4E, 0x47, 0x20, 0x35, 0x39, 0x0A, 0x53, 0x57, 0x49, 0x44, 0x54, 0x48, 0x20,
        0x36, 0x30, 0x30, 0x20, 0x30, 0x0A, 0x44, 0x57, 0x49, 0x44, 0x54, 0x48, 0x20, 0x31, 0x31, 0x20,
        0x30, 0x0A, 0x42, 0x42, 0x58, 0x20, 0x33, 0x20, 0x31, 0x31, 0x20, 0x33, 0x20, 0x2D, 0x33, 0x0A,
        0x42, 0x49, 0x54, 0x4D, 0x41, 0x50, 0x0A, 0x36, 0x30, 0x0A, 0x36, 0x30, 0x0A, 0x30, 0x30, 0x0A,
        0x30, 0x30, 0x0A, 0x30, 0x30, 0x0A, 0x30, 0x30, 0x0A, 0x36, 0x30, 0x0A, 0x36, 0x30, 0x0A, 0x43,
        0x30, 0x0A, 0x43, 0x30, 0x0A, 0x38, 0x30, 0x0A, 0x45, 0x4E, 0x44, 0x43, 0x48, 0x41, 0x52, 0x0A,
        0x53, 0x54, 0x41, 0x52, 0x54, 0x43, 0x48, 0x41, 0x52, 0x20, 0x6C, 0x65, 0x73, 0x73, 0x0A, 0x45,
        0x4E, 0x43, 0x4F, 0x44, 0x49, 0x4E, 0x47, 0x20, 0x36, 0x30, 0x0A, 0x53, 0x57, 0x49, 0x44, 0x54,
        0x48, 0x20, 0x36, 0x30, 0x30, 0x20, 0x30, 0x0A, 0x44, 0x57, 0x49, 0x44, 0x54, 0x48, 0x20, 0x31,
        0x31, 0x20, 0x30, 0x0A, 0x42, 0x42, 0x58, 0x20, 0x39, 0x20, 0x39, 0x20, 0x31, 0x20, 0x31, 0x0A,
        0x42, 0x49, 0x54, 0x4D, 0x41, 0x50, 0x0A, 0x30, 0x31, 0x38, 0x30, 0x0A, 0x30, 0x37, 0x38, 0x30,
        0x0A, 0x31, 0x45, 0x30, 0x30, 0x0A, 0x37, 0x38, 0x30, 0x30, 0x0A, 0x45, 0x30, 0x30, 0x30, 0x0A,
        0x37, 0x38, 0x30, 0x30, 0x0A, 0x31, 0x45, 0x30, 0x30, 0x0A, 0x30, 0x37, 0x38, 0x30, 0x0A, 0x30,
        0x31, 0x38, 0x30, 0x0A, 0x45, 0x4E, 0x44, 0x43, 0x48, 0x41, 0x52, 0x0A, 0x53, 0x54, 0x41, 0x52,
        0x54, 0x43, 0x48, 0x41, 0x52, 0x20, 0x65, 0x71, 0x75, 0x61, 0x6C, 0x0A, 0x45, 0x4E, 0x43, 0x4F,
        0x44, 0x49, 0x4E, 0x47, 0x20, 0x36, 0x31, 0x0A, 0x53, 0x57, 0x49, 0x44, 0x54, 0x48, 0x20, 0x36,
        0x30, 0x30, 0x20, 0x30, 0x0A, 0x44, 0x57, 0x49, 0x44, 0x54, 0x48, 0x20, 0x31, 0x31, 0x20, 0x30,
        0x0A, 0x42, 0x42, 0x58, 0x20, 0x31, 0x30, 0x20, 0x36, 0x20, 0x30, 0x20, 0x32, 0x0A, 0x42, 0x49,
        0x54, 0x4D, 0x41, 0x50, 0x0A, 0x46, 0x46, 0x43, 0x30, 0x0A, 0x46, 0x46, 0x43, 0x30, 0x0A, 0x30,
        0x30, 0x30, 0x30, 0x0A, 0x30, 0x30, 0x30, 0x30, 0x0A, 0x46, 0x46, 0x43, 0x30, 0x0A, 0x46, 0x46,
        0x43, 0x30, 0x0A, 0x45, 0x4E, 0x44, 0x43, 0x48, 0x41, 0x52, 0x0A, 0x53, 0x54, 0x41, 0x52, 0x54,
        0x43, 0x48, 0x41, 0x52, 0x20, 0x67, 0x72, 0x65, 0x61, 0x74, 0x65, 0x72, 0x0A, 0x45, 0x4E, 0x43,
        0x4F, 0x44, 0x49, 0x4E, 0x47, 0x20, 0x36, 0x32, 0x0A, 0x53, 0x57, 0x49, 0x44, 0x54, 0x48, 0x20,
        0x36, 0x30, 0x30, 0x20, 0x30, 0x0A, 0x44, 0x57, 0x49, 0x44, 0x54, 0x48, 0x20, 0x31, 0x31, 0x20,
        0x30, 0x0A, 0x42, 0x42, 0x58, 0x20, 0x39, 0x20, 0x39, 0x20, 0x31, 0x20, 0x31, 0x0A, 0x42, 0x49,
        0x54, 0x4D, 0x41, 0x50, 0x0A, 0x43, 0x30, 0x30, 0x30, 0x0A, 0x46, 0x30, 0x30, 0x30, 0x0A, 0x33,
        0x43, 0x30, 0x30, 0x0A, 0x30, 0x46, 0x30, 0x30, 0x0A, 0x30, 0x33, 0x38, 0x30, 0x0A, 0x30, 0x46,
        0x30, 0x30, 0x0A, 0x33, 0x43, 0x30, 0x30, 0x0A, 0x46, 0x30, 0x30, 0x30, 0x0A, 0x43, 0x30, 0x30,
        0x30, 0x0A, 0x45, 0x4E, 0x44, 0x43, 0x48, 0x41, 0x52, 0x0A, 0x53, 0x54, 0x41, 0x52, 0x54, 0x43,
        0x48, 0x41, 0x52, 0x20, 0x71, 0x75, 0x65, 0x73, 0x74, 0x69, 0x6F, 0x6E, 0x0A, 0x45, 0x4E, 0x43,
        0x4F, 0x44, 0x49, 0x4E, 0x47, 0x20, 0x36, 0x33, 0x0A, 0x53, 0x57, 0x49, 0x44, 0x54, 0x48, 0x20,
        0x36, 0x30, 0x30, 0x20, 0x30, 0x0A, 0x44, 0x57, 0x49, 0x44, 0x54, 0x48, 0x20, 0x31, 0x31, 0x20,
        0x30, 0x0A, 0x42, 0x42, 0x58, 0x20, 0x37, 0x20, 0x31, 0x31, 0x20, 0x32, 0x20, 0x30, 0x0A, 0x42,
        0x49, 0x54, 0x4D, 0x41, 0x50, 0x0A, 0x37, 0x43, 0x0A, 0x46, 0x45, 0x0A, 0x43, 0x36, 0x0A, 0x30,
        0x36, 0x0A, 0x30, 0x45, 0x0A, 0x33, 0x43, 0x0A, 0x33, 0x30, 0x0A, 0x33, 0x30, 0x0A, 0x30, 0x30,
        0x0A, 0x33, 0x30, 0x0A, 0x33, 0x30, 0x0A, 0x45, 0x4E, 0x44, 0x43, 0x48, 0x41, 0x52, 0x0A, 0x53,
        0x54, 0x41, 0x52, 0x54, 0x43, 0x48, 0x41, 0x52, 0x20, 0x61, 0x74, 0x0A, 0x45, 0x4E, 0x43, 0x4F,
        0x44, 0x49, 0x4E, 0x47, 0x20, 0x36, 0x34, 0x0A, 0x53, 0x57, 0x49, 0x44, 0x54, 0x48, 0x20, 0x36,
        0x30, 0x30, 0x20, 0x30, 0x0A, 0x44, 0x57, 0x49, 0x44, 0x54, 0x48, 0x20, 0x31, 0x31, 0x20, 0x30,
        0x0A, 0x42, 0x42, 0x58, 0x20, 0x39, 0x20, 0x31, 0x33, 0x20, 0x31, 0x20, 0x2D, 0x31, 0x0A, 0x42,
        0x49, 0x54, 0x4D, 0x41, 0x50, 0x0A, 0x33, 0x43, 0x30, 0x30, 0x0A, 0x36, 0x36, 0x30, 0x30, 0x0A,
        0x43, 0x33, 0x30, 0x30, 0x0A, 0x43, 0x46, 0x30, 0x30, 0x0A, 0x44, 0x42, 0x30, 0x30, 0x0A, 0x44,
        0x42, 0x30, 0x30, 0x0A, 0x44, 0x42, 0x30, 0x30, 0x0A, 0x44, 0x42, 0x30, 0x30, 0x0A, 0x43, 0x46,
        0x38, 0x30, 0x0A, 0x43, 0x30, 0x30, 0x30, 0x0A, 0x43, 0x30, 0x30, 0x30, 0x0A, 0x36, 0x33, 0x30,
        0x30, 0x0A, 0x33, 0x45, 0x30, 0x30, 0x0A, 0x45, 0x4E, 0x44, 0x43, 0x48, 0x41, 0x52, 0x0A, 0x53,
        0x54, 0x41, 0x52, 0x54, 0x43, 0x48, 0x41, 0x52, 0x20, 0x41, 0x0A, 0x45, 0x4E, 0x43, 0x4F, 0x44,
        0x49, 0x4E, 0x47, 0x20, 0x36, 0x35, 0x0A, 0x53, 0x57, 0x49, 0x44, 0x54, 0x48, 0x20, 0x36, 0x30,
        0x30, 0x20, 0x30, 0x0A, 0x44, 0x57, 0x49, 0x44, 0x54, 0x48, 0x20, 0x31, 0x31, 0x20, 0x30, 0x0A,
        0x42, 0x42, 0x58, 0x20, 0x31, 0x32, 0x20, 0x31, 0x31, 0x20, 0x2D, 0x31, 0x20, 0x30, 0x0A, 0x42,
        0x49, 0x54, 0x4D, 0x41, 0x50, 0x0A, 0x33, 0x45, 0x30, 0x30, 0x0A, 0x33, 0x46, 0x30, 0x30, 0x0A,
        0x30, 0x46, 0x30, 0x30, 0x0A, 0x30, 0x46, 0x30, 0x30, 0x0A, 0x31, 0x39, 0x38, 0x30, 0x0A, 0x31,
        0x39, 0x38, 0x30, 0x0A, 0x33, 0x46, 0x43, 0x30, 0x0A, 0x33, 0x46, 0x43, 0x30, 0x0A, 0x33, 0x30,
        0x43, 0x30, 0x0A, 0x46, 0x39, 0x46, 0x30, 0x0A, 0x46, 0x39, 0x46, 0x30, 0x0A, 0x45, 0x4E, 0x44,
        0x43, 0x48, 0x41, 0x52, 0x0A, 0x53, 0x54, 0x41, 0x52, 0x54, 0x43, 0x48, 0x41, 0x52, 0x20, 0x42,
        0x0A, 0x45, 0x4E, 0x43, 0x4F, 0x44, 0x49, 0x4E, 0x47, 0x20, 0x36, 0x36, 0x0A, 0x53, 0x57, 0x49,
        0x44, 0x54, 0x48, 0x20, 0x36, 0x30, 0x30, 0x20, 0x30, 0x0A, 0x44, 0x57, 0x49, 0x44, 0x54, 0x48,
        0x20, 0x31, 0x31, 0x20, 0x30, 0x0A, 0x42, 0x42, 0x58, 0x20, 0x31, 0x30, 0x20, 0x31, 0x31, 0x20,
        0x30, 0x20, 0x30, 0x0A, 0x42, 0x49, 0x54, 0x4D, 0x41, 0x50, 0x0A, 0x46, 0x46, 0x30, 0x30, 0x0A,
        0x46, 0x46, 0x38, 0x30, 0x0A, 0x33, 0x31, 0x38, 0x30, 0x0A, 0x33, 0x31, 0x38, 0x30, 0x0A, 0x33,
        0x46, 0x30, 0x30, 0x0A, 0x33, 0x46, 0x38, 0x30, 0x0A, 0x33, 0x30, 0x43, 0x30, 0x0A, 0x33, 0x30,
        0x43, 0x30, 0x0A, 0x33, 0x30, 0x43, 0x30, 0x0A, 0x46, 0x46, 0x38, 0x30, 0x0A, 0x46, 0x46, 0x30,
        0x30, 0x0A, 0x45, 0x4E, 0x44, 0x43, 0x48, 0x41, 0x52, 0x0A, 0x53, 0x54, 0x41, 0x52, 0x54, 0x43,
        0x48, 0x41, 0x52, 0x20, 0x43, 0x0A, 0x45, 0x4E, 0x43, 0x4F, 0x44, 0x49, 0x4E, 0x47, 0x20, 0x36,
        0x37, 0x0A, 0x53, 0x57, 0x49, 0x44, 0x54, 0x48, 0x20, 0x36, 0x30, 0x30, 0x20, 0x30, 0x0A, 0x44,
        0x57, 0x49, 0x44, 0x54, 0x48, 0x20, 0x31, 0x31, 0x20, 0x30, 0x0A, 0x42, 0x42, 0x58, 0x20, 0x31,
        0x30, 0x20, 0x31, 0x31, 0x20, 0x30, 0x20, 0x30, 0x0A, 0x42, 0x49, 0x54, 0x4D, 0x41, 0x50, 0x0A,
        0x31, 0x45, 0x43, 0x30, 0x0A, 0x37, 0x46, 0x43, 0x30, 0x0A, 0x36, 0x31, 0x43, 0x30, 0x0A, 0x43,
        0x30, 0x43, 0x30, 0x0A, 0x43, 0x30, 0x30, 0x30, 0x0A, 0x43, 0x30, 0x30, 0x30, 0x0A, 0x43, 0x30,
        0x30, 0x30, 0x0A, 0x43, 0x30, 0x30, 0x30, 0x0A, 0x36, 0x30, 0x43, 0x30, 0x0A, 0x37, 0x46, 0x43,
        0x30, 0x0A, 0x31, 0x46, 0x30, 0x30, 0x0A, 0x45, 0x4E, 0x44, 0x43, 0x48, 0x41, 0x52, 0x0A, 0x53,
        0x54, 0x41, 0x52, 0x54, 0x43, 0x48, 0x41, 0x52, 0x20, 0x44, 0x0A, 0x45, 0x4E, 0x43, 0x4F, 0x44,
        0x49, 0x4E, 0x47, 0x20, 0x36, 0x38, 0x0A, 0x53, 0x57, 0x49, 0x44, 0x54, 0x48, 0x20, 0x36, 0x30,
        0x30, 0x20, 0x30, 0x0A, 0x44, 0x57, 0x49, 0x44, 0x54, 0x48, 0x20, 0x31, 0x31, 0x20, 0x30, 0x0A,
        0x42, 0x42, 0x58, 0x20, 0x31, 0x30, 0x20, 0x31, 0x31, 0x20, 0x30, 0x20, 0x30, 0x0A, 0x42, 0x49,
        0x54, 0x4D, 0x41, 0x50, 0x0A, 0x46, 0x45, 0x30, 0x30, 0x0A, 0x46, 0x46, 0x38, 0x30, 0x0A, 0x36,
        0x31, 0x38, 0x30, 0x0A, 0x36, 0x30, 0x43, 0x30, 0x0A, 0x36, 0x30, 0x43, 0x30, 0x0A, 0x36, 0x30,
        0x43, 0x30, 0x0A, 0x36, 0x30, 0x43, 0x30, 0x0A, 0x36, 0x30, 0x43, 0x30, 0x0A, 0x36, 0x31, 0x38,
        0x30, 0x0A, 0x46, 0x46, 0x38, 0x30, 0x0A, 0x46, 0x45, 0x30, 0x30, 0x0A, 0x45, 0x4E, 0x44, 0x43,
        0x48, 0x41, 0x52, 0x0A, 0x53, 0x54, 0x41, 0x52, 0x54, 0x43, 0x48, 0x41, 0x52, 0x20, 0x45, 0x0A,
        0x45, 0x4E, 0x43, 0x4F, 0x44, 0x49, 0x4E, 0x47, 0x20, 0x36, 0x39, 0x0A, 0x53, 0x57, 0x49, 0x44,
        0x54, 0x48, 0x20, 0x36, 0x30, 0x30, 0x20, 0x30, 0x0A, 0x44, 0x57, 0x49, 0x44, 0x54, 0x48, 0x20,
        0x31, 0x31, 0x20, 0x30, 0x0A, 0x42, 0x42, 0x58, 0x20, 0x31, 0x30, 0x20, 0x31, 0x31, 0x20, 0x30,
        0x20, 0x30, 0x0A, 0x42, 0x49, 0x54, 0x4D, 0x41, 0x50, 0x0A, 0x46, 0x46, 0x43, 0x30, 0x0A, 0x46,
        0x46, 0x43, 0x30, 0x0A, 0x33, 0x30, 0x43, 0x30, 0x0A, 0x33, 0x32, 0x43, 0x30, 0x0A, 0x33, 0x45,
        0x30, 0x30, 0x0A, 0x33, 0x45, 0x30, 0x30, 0x0A, 0x33, 0x32, 0x30, 0x30, 0x0A, 0x33, 0x30, 0x43,
        0x30, 0x0A, 0x33, 0x30, 0x43, 0x30, 0x0A, 0x46, 0x46, 0x43, 0x30, 0x0A, 0x46, 0x46, 0x43, 0x30,
        0x0A, 0x45, 0x4E, 0x44, 0x43, 0x48, 0x41, 0x52, 0x0A, 0x53, 0x54, 0x41, 0x52, 0x54, 0x43, 0x48,
        0x41, 0x52, 0x20, 0x46, 0x0A, 0x45, 0x4E, 0x43, 0x4F, 0x44, 0x49, 0x4E, 0x47, 0x20, 0x37, 0x30,
        0x0A, 0x53, 0x57, 0x49, 0x44, 0x54, 0x48, 0x20, 0x36, 0x30, 0x30, 0x20, 0x30, 0x0A, 0x44, 0x57,
        0x49, 0x44, 0x54, 0x48, 0x20, 0x31, 0x31, 0x20, 0x30, 0x0A, 0x42, 0x42, 0x58, 0x20, 0x31, 0x30,
        0x20, 0x31, 0x31, 0x20, 0x30, 0x20, 0x30, 0x0A, 0x42, 0x49, 0x54, 0x4D, 0x41, 0x50, 0x0A, 0x46,
        0x46, 0x43, 0x30, 0x0A, 0x46, 0x46, 0x43, 0x30, 0x0A, 0x33, 0x30, 0x43, 0x30, 0x0A, 0x33, 0x32,
        0x43, 0x30, 0x0A, 0x33, 0x45, 0x30, 0x30, 0x0A, 0x33, 0x45, 0x30, 0x30, 0x0A, 0x33, 0x32, 0x30,
        0x30, 0x0A, 0x33, 0x30, 0x30, 0x30, 0x0A, 0x33, 0x30, 0x30, 0x30, 0x0A, 0x46, 0x45, 0x30, 0x30,
        0x0A, 0x46, 0x45, 0x30, 0x30, 0x0A, 0x45, 0x4E, 0x44, 0x43, 0x48, 0x41, 0x52, 0x0A, 0x53, 0x54,
        0x41, 0x52, 0x54, 0x43, 0x48, 0x41, 0x52, 0x20, 0x47, 0x0A, 0x45, 0x4E, 0x43, 0x4F, 0x44, 0x49,
        0x4E, 0x47, 0x20, 0x37, 0x31, 0x0A, 0x53, 0x57, 0x49, 0x44, 0x54, 0x48, 0x20, 0x36, 0x30, 0x30,
        0x20, 0x30, 0x0A, 0x44, 0x57, 0x49, 0x44, 0x54, 0x48, 0x20, 0x31, 0x31, 0x20, 0x30, 0x0A, 0x42,
        0x42, 0x58, 0x20, 0x31, 0x31, 0x20, 0x31, 0x31, 0x20, 0x30, 0x20, 0x30, 0x0A, 0x42, 0x49, 0x54,
        0x4D, 0x41, 0x50, 0x0A, 0x31, 0x45, 0x43, 0x30, 0x0A, 0x37, 0x46, 0x43, 0x30, 0x0A, 0x36, 0x31,
        0x43, 0x30, 0x0A, 0x43, 0x30, 0x43, 0x30, 0x0A, 0x43, 0x30, 0x30, 0x30, 0x0A, 0x43, 0x30, 0x30,
        0x30, 0x0A, 0x43, 0x37, 0x45, 0x30, 0x0A, 0x43, 0x37, 0x45, 0x30, 0x0A, 0x36, 0x30, 0x43, 0x30,
        0x0A, 0x37, 0x46, 0x43, 0x30, 0x0A, 0x31, 0x46, 0x38, 0x30, 0x0A, 0x45, 0x4E, 0x44, 0x43, 0x48,
        0x41, 0x52, 0x0A, 0x53, 0x54, 0x41, 0x52, 0x54, 0x43, 0x48, 0x41, 0x52, 0x20, 0x48, 0x0A, 0x45,
        0x4E, 0x43, 0x4F, 0x44, 0x49, 0x4E, 0x47, 0x20, 0x37, 0x32, 0x0A, 0x53, 0x57, 0x49, 0x44, 0x54,
        0x48, 0x20, 0x36, 0x30, 0x30, 0x20, 0x30, 0x0A, 0x44, 0x57, 0x49, 0x44, 0x54, 0x48, 0x20, 0x31,
        0x31, 0x20, 0x30, 0x0A, 0x42, 0x42, 0x58, 0x20, 0x31, 0x30, 0x20, 0x31, 0x31, 0x20, 0x30, 0x20,
        0x30, 0x0A, 0x42, 0x49, 0x54, 0x4D, 0x41, 0x50, 0x0A, 0x46, 0x33, 0x43, 0x30, 0x0A, 0x46, 0x33,
        0x43, 0x30, 0x0A, 0x36, 0x31, 0x38, 0x30, 0x0A, 0x36, 0x31, 0x38, 0x30, 0x0A, 0x37, 0x46, 0x38,
        0x30, 0x0A, 0x37, 0x46, 0x38, 0x30, 0x0A, 0x36, 0x31, 0x38, 0x30, 0x0A, 0x36, 0x31, 0x38, 0x30,
        0x0A, 0x36, 0x31, 0x38, 0x30, 0x0A, 0x46, 0x33, 0x43, 0x30, 0x0A, 0x46, 0x33, 0x43, 0x30, 0x0A,
        0x45, 0x4E, 0x44, 0x43, 0x48, 0x41, 0x52, 0x0A, 0x53, 0x54, 0x41, 0x52, 0x54, 0x43, 0x48, 0x41,
        0x52, 0x20, 0x49, 0x0A, 0x45, 0x4E, 0x43, 0x4F, 0x44, 0x49, 0x4E, 0x47, 0x20, 0x37, 0x33, 0x0A,
        0x53, 0x57, 0x49, 0x44, 0x54, 0x48, 0x20, 0x36, 0x30, 0x30, 0x20, 0x30, 0x0A, 0x44, 0x57, 0x49,
        0x44, 0x54, 0x48, 0x20, 0x31, 0x31, 0x20, 0x30, 0x0A, 0x42, 0x42, 0x58, 0x20, 0x38, 0x20, 0x31,
        0x31, 0x20, 0x31, 0x20, 0x30, 0x0A, 0x42, 0x49, 0x54, 0x4D, 0x41, 0x50, 0x0A, 0x46, 0x46, 0x0A,
        0x46, 0x46, 0x0A, 0x31, 0x38, 0x0A, 0x31, 0x38, 0x0A, 0x31, 0x38, 0x0A, 0x31, 0x38, 0x0A, 0x31,
        0x38, 0x0A, 0x31, 0x38, 0x0A, 0x31, 0x38, 0x0A, 0x46, 0x46, 0x0A, 0x46, 0x46, 0x0A, 0x45, 0x4E,
        0x44, 0x43, 0x48, 0x41, 0x52, 0x0A, 0x53, 0x54, 0x41, 0x52, 0x54, 0x43, 0x48, 0x41, 0x52, 0x20,
        0x4A, 0x0A, 0x45, 0x4E, 0x43, 0x4F, 0x44, 0x49, 0x4E, 0x47, 0x20, 0x37, 0x34, 0x0A, 0x53, 0x57,
        0x49, 0x44, 0x54, 0x48, 0x20, 0x36, 0x30, 0x30, 0x20, 0x30, 0x0A, 0x44, 0x57, 0x49, 0x44, 0x54,
        0x48, 0x20, 0x31, 0x31, 0x20, 0x30, 0x0A, 0x42, 0x42, 0x58, 0x20, 0x31, 0x30, 0x20, 0x31, 0x31,
        0x20, 0x30, 0x20, 0x30, 0x0A, 0x42, 0x49, 0x54, 0x4D, 0x41, 0x50, 0x0A, 0x31, 0x46, 0x43, 0x30,
        0x0A, 0x31, 0x46, 0x43, 0x30, 0x0A, 0x30, 0x33, 0x30, 0x30, 0x0A, 0x30, 0x33, 0x30, 0x30, 0x0A,
        0x30, 0x33, 0x30, 0x30, 0x0A, 0x30, 0x33, 0x30, 0x30, 0x0A, 0x43, 0x33, 0x30, 0x30, 0x0A, 0x43,
        0x33, 0x30, 0x30, 0x0A, 0x43, 0x33, 0x30, 0x30, 0x0A, 0x46, 0x45, 0x30, 0x30, 0x0A, 0x33, 0x43,
        0x30, 0x30, 0x0A, 0x45, 0x4E, 0x44, 0x43, 0x48, 0x41, 0x52, 0x0A, 0x53, 0x54, 0x41, 0x52, 0x54,
        0x43, 0x48, 0x41, 0x52, 0x20, 0x4B, 0x0A, 0x45, 0x4E, 0x43, 0x4F, 0x44, 0x49, 0x4E, 0x47, 0x20,
        0x37, 0x35, 0x0A, 0x53, 0x57, 0x49, 0x44, 0x54, 0x48, 0x20, 0x36, 0x30, 0x30, 0x20, 0x30, 0x0A,
        0x44, 0x57, 0x49, 0x44, 0x54, 0x48, 0x20, 0x31, 0x31, 0x20, 0x30, 0x0A, 0x42, 0x42, 0x58, 0x20,
        0x31, 0x31, 0x20, 0x31, 0x31, 0x20, 0x30, 0x20, 0x30, 0x0A, 0x42, 0x49, 0x54, 0x4D, 0x41, 0x50,
        0x0A, 0x46, 0x37, 0x43, 0x30, 0x0A, 0x46, 0x37, 0x43, 0x30, 0x0A, 0x36, 0x33, 0x30, 0x30, 0x0A,
        0x36, 0x36, 0x30, 0x30, 0x0A, 0x36, 0x43, 0x30, 0x30, 0x0A, 0x37, 0x43, 0x30, 0x30, 0x0A, 0x37,
        0x45, 0x30, 0x30, 0x0A, 0x36, 0x37, 0x30, 0x30, 0x0A, 0x36, 0x33, 0x38, 0x30, 0x0A, 0x46, 0x39,
        0x45, 0x30, 0x0A, 0x46, 0x39, 0x45, 0x30, 0x0A, 0x45, 0x4E, 0x44, 0x43, 0x48, 0x41, 0x52, 0x0A,
        0x53, 0x54, 0x41, 0x52, 0x54, 0x43, 0x48, 0x41, 0x52, 0x20, 0x4C, 0x0A, 0x45, 0x4E, 0x43, 0x4F,
        0x44, 0x49, 0x4E, 0x47, 0x20, 0x37, 0x36, 0x0A, 0x53, 0x57, 0x49, 0x44, 0x54, 0x48, 0x20, 0x36,
        0x30, 0x30, 0x20, 0x30, 0x0A, 0x44, 0x57, 0x49, 0x44, 0x54, 0x48, 0x20, 0x31, 0x31, 0x20, 0x30,
        0x0A, 0x42, 0x42, 0x58, 0x20, 0x31, 0x30, 0x20, 0x31, 0x31, 0x20, 0x30, 0x20, 0x30, 0x0A, 0x42,
        0x49, 0x54, 0x4D, 0x41, 0x50, 0x0A, 0x46, 0x43, 0x30, 0x30, 0x0A, 0x46, 0x43, 0x30, 0x30, 0x0A,
        0x33, 0x30, 0x30, 0x30, 0x0A, 0x33, 0x30, 0x30, 0x30, 0x0A, 0x33, 0x30, 0x30, 0x30, 0x0A, 0x33,
        0x30, 0x30, 0x30, 0x0A, 0x33, 0x30, 0x43, 0x30, 0x0A, 0x33, 0x30, 0x43, 0x30, 0x0A, 0x33, 0x30,
        0x43, 0x30, 0x0A, 0x46, 0x46, 0x43, 0x30, 0x0A, 0x46, 0x46, 0x43, 0x30, 0x0A, 0x45, 0x4E, 0x44,
        0x43, 0x48, 0x41, 0x52, 0x0A, 0x53, 0x54, 0x41, 0x52, 0x54, 0x43, 0x48, 0x41, 0x52, 0x20, 0x4D,
        0x0A, 0x45, 0x4E, 0x43, 0x4F, 0x44, 0x49, 0x4E, 0x47, 0x20, 0x37, 0x37, 0x0A, 0x53, 0x57, 0x49,
        0x44, 0x54, 0x48, 0x20, 0x36, 0x30, 0x30, 0x20, 0x30, 0x0A, 0x44, 0x57, 0x49, 0x44, 0x54, 0x48,
        0x20, 0x31, 0x31, 0x20, 0x30, 0x0A, 0x42, 0x42, 0x58, 0x20, 0x31, 0x31, 0x20, 0x31, 0x31, 0x20,
        0x30, 0x20, 0x30, 0x0A, 0x42, 0x49, 0x54, 0x4D, 0x41, 0x50, 0x0A, 0x45, 0x30, 0x45, 0x30, 0x0A,
        0x45, 0x30, 0x45, 0x30, 0x0A, 0x37, 0x31, 0x43, 0x30, 0x0A, 0x37, 0x31, 0x43, 0x30, 0x0A, 0x37,
        0x42, 0x43, 0x30, 0x0A, 0x37, 0x46, 0x43, 0x30, 0x0A, 0x36, 0x45, 0x43, 0x30, 0x0A, 0x36, 0x34,
        0x43, 0x30, 0x0A, 0x36, 0x30, 0x43, 0x30, 0x0A, 0x46, 0x42, 0x45, 0x30, 0x0A, 0x46, 0x42, 0x45,
        0x30, 0x0A, 0x45, 0x4E, 0x44, 0x43, 0x48, 0x41, 0x52, 0x0A, 0x53, 0x54, 0x41, 0x52, 0x54, 0x43,
        0x48, 0x41, 0x52, 0x20, 0x4E, 0x0A, 0x45, 0x4E, 0x43, 0x4F, 0x44, 0x49, 0x4E, 0x47, 0x20, 0x37,
        0x38, 0x0A, 0x53, 0x57, 0x49, 0x44, 0x54, 0x48, 0x20, 0x36, 0x30, 0x30, 0x20, 0x30, 0x0A, 0x44,
        0x57, 0x49, 0x44, 0x54, 0x48, 0x20, 0x31, 0x31, 0x20, 0x30, 0x0A, 0x42, 0x42, 0x58, 0x20, 0x31,
        0x30, 0x20, 0x31, 0x31, 0x20, 0x30, 0x20, 0x30, 0x0A, 0x42, 0x49, 0x54, 0x4D, 0x41, 0x50, 0x0A,
        0x45, 0x37, 0x43, 0x30, 0x0A, 0x46, 0x37, 0x43, 0x30, 0x0A, 0x37, 0x31, 0x38, 0x30, 0x0A, 0x37,
        0x39, 0x38, 0x30, 0x0A, 0x36, 0x39, 0x38, 0x30, 0x0A, 0x36, 0x44, 0x38, 0x30, 0x0A, 0x36, 0x35,
        0x38, 0x30, 0x0A, 0x36, 0x37, 0x38, 0x30, 0x0A, 0x36, 0x33, 0x38, 0x30, 0x0A, 0x46, 0x42, 0x38,
        0x30, 0x0A, 0x46, 0x39, 0x38, 0x30, 0x0A, 0x45, 0x4E, 0x44, 0x43, 0x48, 0x41, 0x52, 0x0A, 0x53,
        0x54, 0x41, 0x52, 0x54, 0x43, 0x48, 0x41, 0x52, 0x20, 0x4F, 0x0A, 0x45, 0x4E, 0x43, 0x4F, 0x44,
        0x49, 0x4E, 0x47, 0x20, 0x37, 0x39, 0x0A, 0x53, 0x57, 0x49, 0x44, 0x54, 0x48, 0x20, 0x36, 0x30,
        0x30, 0x20, 0x30, 0x0A, 0x44, 0x57, 0x49, 0x44, 0x54, 0x48, 0x20, 0x31, 0x31, 0x20, 0x30, 0x0A,
        0x42, 0x42, 0x58, 0x20, 0x31, 0x30, 0x20, 0x31, 0x31, 0x20, 0x30, 0x20, 0x30, 0x0A, 0x42, 0x49,
        0x54, 0x4D, 0x41, 0x50, 0x0A, 0x31, 0x45, 0x30, 0x30, 0x0A, 0x37, 0x46, 0x38, 0x30, 0x0A, 0x36,
        0x31, 0x38, 0x30, 0x0A, 0x43, 0x30, 0x43, 0x30, 0x0A, 0x43, 0x30, 0x43, 0x30, 0x0A, 0x43, 0x30,
        0x43, 0x30, 0x0A, 0x43, 0x30, 0x43, 0x30, 0x0A, 0x43, 0x30, 0x43, 0x30, 0x0A, 0x36, 0x31, 0x38,
        0x30, 0x0A, 0x37, 0x46, 0x38, 0x30, 0x0A, 0x31, 0x45, 0x30, 0x30, 0x0A, 0x45, 0x4E, 0x44, 0x43,
        0x48, 0x41, 0x52, 0x0A, 0x53, 0x54, 0x41, 0x52, 0x54, 0x43, 0x48, 0x41, 0x52, 0x20, 0x50, 0x0A,
        0x45, 0x4E, 0x43, 0x4F, 0x44, 0x49, 0x4E, 0x47, 0x20, 0x38, 0x30, 0x0A, 0x53, 0x57, 0x49, 0x44,
        0x54, 0x48, 0x20, 0x36, 0x30, 0x30, 0x20, 0x30, 0x0A, 0x44, 0x57, 0x49, 0x44, 0x54, 0x48, 0x20,
        0x31, 0x31, 0x20, 0x30, 0x0A, 0x42, 0x42, 0x58, 0x20, 0x31, 0x30, 0x20, 0x31, 0x31, 0x20, 0x30,
        0x20, 0x30, 0x0A, 0x42, 0x49, 0x54, 0x4D, 0x41, 0x50, 0x0A, 0x46, 0x46, 0x30, 0x30, 0x0A, 0x46,
        0x46, 0x38, 0x30, 0x0A, 0x36, 0x31, 0x43, 0x30, 0x0A, 0x36, 0x30, 0x43, 0x30, 0x0A, 0x36, 0x31,
        0x43, 0x30, 0x0A, 0x37, 0x46, 0x38, 0x30, 0x0A, 0x37, 0x46, 0x30, 0x30, 0x0A, 0x36, 0x30, 0x30,
        0x30, 0x0A, 0x36, 0x30, 0x30, 0x30, 0x0A, 0x46, 0x43, 0x30, 0x30, 0x0A, 0x46, 0x43, 0x30, 0x30,
        0x0A, 0x45, 0x4E, 0x44, 0x43, 0x48, 0x41, 0x52, 0x0A, 0x53, 0x54, 0x41, 0x52, 0x54, 0x43, 0x48,
        0x41, 0x52, 0x20, 0x51, 0x0A, 0x45, 0x4E, 0x43, 0x4F, 0x44, 0x49, 0x4E, 0x47, 0x20, 0x38, 0x31,
        0x0A, 0x53, 0x57, 0x49, 0x44, 0x54, 0x48, 0x20, 0x36, 0x30, 0x30, 0x20, 0x30, 0x0A, 0x44, 0x57,
        0x49, 0x44, 0x54, 0x48, 0x20, 0x31, 0x31, 0x20, 0x30, 0x0A, 0x42, 0x42, 0x58, 0x20, 0x31, 0x30,
        0x20, 0x31, 0x33, 0x20, 0x30, 0x20, 0x2D, 0x32, 0x0A, 0x42, 0x49, 0x54, 0x4D, 0x41, 0x50, 0x0A,
        0x31, 0x45, 0x30, 0x30, 0x0A, 0x37, 0x46, 0x38, 0x30, 0x0A, 0x36, 0x31, 0x38, 0x30, 0x0A, 0x43,
        0x30, 0x43, 0x30, 0x0A, 0x43, 0x30, 0x43, 0x30, 0x0A, 0x43, 0x30, 0x43, 0x30, 0x0A, 0x43, 0x30,
        0x43, 0x30, 0x0A, 0x43, 0x30, 0x43, 0x30, 0x0A, 0x36, 0x31, 0x38, 0x30, 0x0A, 0x37, 0x46, 0x38,
        0x30, 0x0A, 0x31, 0x45, 0x34, 0x30, 0x0A, 0x33, 0x46, 0x43, 0x30, 0x0A, 0x33, 0x33, 0x38, 0x30,
        0x0A, 0x45, 0x4E, 0x44, 0x43, 0x48, 0x41, 0x52, 0x0A, 0x53, 0x54, 0x41, 0x52, 0x54, 0x43, 0x48,
        0x41, 0x52, 0x20, 0x52, 0x0A, 0x45, 0x4E, 0x43, 0x4F, 0x44, 0x49, 0x4E, 0x47, 0x20, 0x38, 0x32,
        0x0A, 0x53, 0x57, 0x49, 0x44, 0x54, 0x48, 0x20, 0x36, 0x30, 0x30, 0x20, 0x30, 0x0A, 0x44, 0x57,
        0x49, 0x44, 0x54, 0x48, 0x20, 0x31, 0x31, 0x20, 0x30, 0x0A, 0x42, 0x42, 0x58, 0x20, 0x31, 0x31,
        0x20, 0x31, 0x31, 0x20, 0x30, 0x20, 0x30, 0x0A, 0x42, 0x49, 0x54, 0x4D, 0x41, 0x50, 0x0A, 0x46,
        0x46, 0x30, 0x30, 0x0A, 0x46, 0x46, 0x38, 0x30, 0x0A, 0x36, 0x31, 0x43, 0x30, 0x0A, 0x36, 0x30,
        0x43, 0x30, 0x0A, 0x36, 0x31, 0x43, 0x30, 0x0A, 0x37, 0x46, 0x38, 0x30, 0x0A, 0x37, 0x46, 0x30,
        0x30, 0x0A, 0x36, 0x33, 0x38, 0x30, 0x0A, 0x36, 0x31, 0x43, 0x30, 0x0A, 0x46, 0x43, 0x45, 0x30,
        0x0A, 0x46, 0x43, 0x45, 0x30, 0x0A, 0x45, 0x4E, 0x44, 0x43, 0x48, 0x41, 0x52, 0x0A, 0x53, 0x54,
        0x41, 0x52, 0x54, 0x43, 0x48, 0x41, 0x52, 0x20, 0x53, 0x0A, 0x45, 0x4E, 0x43, 0x4F, 0x44, 0x49,
        0x4E, 0x47, 0x20, 0x38, 0x33, 0x0A, 0x53, 0x57, 0x49, 0x44, 0x54, 0x48, 0x20, 0x36, 0x30, 0x30,
        0x20, 0x30, 0x0A, 0x44, 0x57, 0x49, 0x44, 0x54, 0x48, 0x20, 0x31, 0x31, 0x20, 0x30, 0x0A, 0x42,
        0x42, 0x58, 0x20, 0x39, 0x20, 0x31, 0x31, 0x20, 0x31, 0x20, 0x30, 0x0A, 0x42, 0x49, 0x54, 0x4D,
        0x41, 0x50, 0x0A, 0x33, 0x44, 0x38, 0x30, 0x0A, 0x46, 0x46, 0x38, 0x30, 0x0A, 0x43, 0x33, 0x38,
        0x30, 0x0A, 0x43, 0x31, 0x38, 0x30, 0x0A, 0x46, 0x38, 0x30, 0x30, 0x0A, 0x37, 0x46, 0x30, 0x30,
        0x0A, 0x30, 0x46, 0x38, 0x30, 0x0A, 0x43, 0x31, 0x38, 0x30, 0x0A, 0x46, 0x31, 0x38, 0x30, 0x0A,
        0x46, 0x46, 0x30, 0x30, 0x0A, 0x44, 0x45, 0x30, 0x30, 0x0A, 0x45, 0x4E, 0x44, 0x43, 0x48, 0x41,
        0x52, 0x0A, 0x53, 0x54, 0x41, 0x52, 0x54, 0x43, 0x48, 0x41, 0x52, 0x20, 0x54, 0x0A, 0x45, 0x4E,
        0x43, 0x4F, 0x44, 0x49, 0x4E, 0x47, 0x20, 0x38, 0x34, 0x0A, 0x53, 0x57, 0x49, 0x44, 0x54, 0x48,
        0x20, 0x36, 0x30, 0x30, 0x20, 0x30, 0x0A, 0x44, 0x57, 0x49, 0x44, 0x54, 0x48, 0x20, 0x31, 0x31,
        0x20, 0x30, 0x0A, 0x42, 0x42, 0x58, 0x20, 0x31, 0x30, 0x20, 0x31, 0x31, 0x20, 0x30, 0x20, 0x30,
        0x0A, 0x42, 0x49, 0x54, 0x4D, 0x41, 0x50, 0x0A, 0x46, 0x46, 0x43, 0x30, 0x0A, 0x46, 0x46, 0x43,
        0x30, 0x0A, 0x43, 0x43, 0x43, 0x30, 0x0A, 0x43, 0x43, 0x43, 0x30, 0x0A, 0x43, 0x43, 0x43, 0x30,
        0x0A, 0x30, 0x43, 0x30, 0x30, 0x0A, 0x30, 0x43, 0x30, 0x30, 0x0A, 0x30, 0x43, 0x30, 0x30, 0x0A,
        0x30, 0x43, 0x30, 0x30, 0x0A, 0x33, 0x46, 0x30, 0x30, 0x0A, 0x33, 0x46, 0x30, 0x30, 0x0A, 0x45,
        0x4E, 0x44, 0x43, 0x48, 0x41, 0x52, 0x0A, 0x53, 0x54, 0x41, 0x52, 0x54, 0x43, 0x48, 0x41, 0x52,
        0x20, 0x55, 0x0A, 0x45, 0x4E, 0x43, 0x4F, 0x44, 0x49, 0x4E, 0x47, 0x20, 0x38, 0x35, 0x0A, 0x53,
        0x57, 0x49, 0x44, 0x54, 0x48, 0x20, 0x36, 0x30, 0x30, 0x20, 0x30, 0x0A, 0x44, 0x57, 0x49, 0x44,
        0x54, 0x48, 0x20, 0x31, 0x31, 0x20, 0x30, 0x0A, 0x42, 0x42, 0x58, 0x20, 0x31, 0x31, 0x20, 0x31,
        0x31, 0x20, 0x30, 0x20, 0x30, 0x0A, 0x42, 0x49, 0x54, 0x4D, 0x41, 0x50, 0x0A, 0x46, 0x42, 0x45,
        0x30, 0x0A, 0x46, 0x42, 0x45, 0x30, 0x0A, 0x36, 0x30, 0x43, 0x30, 0x0A, 0x36, 0x30, 0x43, 0x30,
        0x0A, 0x36, 0x30, 0x43, 0x30, 0x0A, 0x36, 0x30, 0x43, 0x30, 0x0A, 0x36, 0x30, 0x43, 0x30, 0x0A,
        0x36, 0x30, 0x43, 0x30, 0x0A, 0x37, 0x31, 0x43, 0x30, 0x0A, 0x33, 0x46, 0x38, 0x30, 0x0A, 0x31,
        0x46, 0x30, 0x30, 0x0A, 0x45, 0x4E, 0x44, 0x43, 0x48, 0x41, 0x52, 0x0A, 0x53, 0x54, 0x41, 0x52,
        0x54, 0x43, 0x48, 0x41, 0x52, 0x20, 0x56, 0x0A, 0x45, 0x4E, 0x43, 0x4F, 0x44, 0x49, 0x4E, 0x47,
        0x20, 0x38, 0x36, 0x0A, 0x53, 0x57, 0x49, 0x44, 0x54, 0x48, 0x20, 0x36, 0x30, 0x30, 0x20, 0x30,
        0x0A, 0x44, 0x57, 0x49, 0x44, 0x54, 0x48, 0x20, 0x31, 0x31, 0x20, 0x30, 0x0A, 0x42, 0x42, 0x58,
        0x20, 0x31, 0x32, 0x20, 0x31, 0x31, 0x20, 0x30, 0x20, 0x30, 0x0A, 0x42, 0x49, 0x54, 0x4D, 0x41,
        0x50, 0x0A, 0x46, 0x39, 0x46, 0x30, 0x0A, 0x46, 0x39, 0x46, 0x30, 0x0A, 0x36, 0x30, 0x36, 0x30,
        0x0A, 0x36, 0x30, 0x36, 0x30, 0x0A, 0x33, 0x30, 0x43, 0x30, 0x0A, 0x33, 0x30, 0x43, 0x30, 0x0A,
        0x31, 0x39, 0x38, 0x30, 0x0A, 0x31, 0x39, 0x38, 0x30, 0x0A, 0x30, 0x46, 0x30, 0x30, 0x0A, 0x30,
        0x46, 0x30, 0x30, 0x0A, 0x30, 0x36, 0x30, 0x30, 0x0A, 0x45, 0x4E, 0x44, 0x43, 0x48, 0x41, 0x52,
        0x0A, 0x53, 0x54, 0x41, 0x52, 0x54, 0x43, 0x48, 0x41, 0x52, 0x20, 0x57, 0x0A, 0x45, 0x4E, 0x43,
        0x4F, 0x44, 0x49, 0x4E, 0x47, 0x20, 0x38, 0x37, 0x0A, 0x53, 0x57, 0x49, 0x44, 0x54, 0x48, 0x20,
        0x36, 0x30, 0x30, 0x20, 0x30, 0x0A, 0x44, 0x57, 0x49, 0x44, 0x54, 0x48, 0x20, 0x31, 0x31, 0x20,
        0x30, 0x0A, 0x42, 0x42, 0x58, 0x20, 0x31, 0x32, 0x20, 0x31, 0x31, 0x20, 0x30, 0x20, 0x30, 0x0A,
        0x42, 0x49, 0x54, 0x4D, 0x41, 0x50, 0x0A, 0x46, 0x39, 0x46, 0x30, 0x0A, 0x46, 0x39, 0x46, 0x30,
        0x0A, 0x36, 0x30, 0x36, 0x30, 0x0A, 0x36, 0x36, 0x36, 0x30, 0x0A, 0x36, 0x36, 0x36, 0x30, 0x0A,
        0x36, 0x46, 0x36, 0x30, 0x0A, 0x36, 0x46, 0x36, 0x30, 0x0A, 0x33, 0x39, 0x43, 0x30, 0x0A, 0x33,
        0x39, 0x43, 0x30, 0x0A, 0x33, 0x30, 0x43, 0x30, 0x0A, 0x33, 0x30, 0x43, 0x30, 0x0A, 0x45, 0x4E,
        0x44, 0x43, 0x48, 0x41, 0x52, 0x0A, 0x53, 0x54, 0x41, 0x52, 0x54, 0x43, 0x48, 0x41, 0x52, 0x20,
        0x58, 0x0A, 0x45, 0x4E, 0x43, 0x4F, 0x44, 0x49, 0x4E, 0x47, 0x20, 0x38, 0x38, 0x0A, 0x53, 0x57,
        0x49, 0x44, 0x54, 0x48, 0x20, 0x36, 0x30, 0x30, 0x20, 0x30, 0x0A, 0x44, 0x57, 0x49, 0x44, 0x54,
        0x48, 0x20, 0x31, 0x31, 0x20, 0x30, 0x0A, 0x42, 0x42, 0x58, 0x20, 0x31, 0x30, 0x20, 0x31, 0x31,
        0x20, 0x30, 0x20, 0x30, 0x0A, 0x42, 0x49, 0x54, 0x4D, 0x41, 0x50, 0x0A, 0x46, 0x33, 0x43, 0x30,
        0x0A, 0x46, 0x33, 0x43, 0x30, 0x0A, 0x36, 0x31, 0x38, 0x30, 0x0A, 0x33, 0x33, 0x30, 0x30, 0x0A,
        0x31, 0x45, 0x30, 0x30, 0x0A, 0x30, 0x43, 0x30, 0x30, 0x0A, 0x31, 0x45, 0x30, 0x30, 0x0A, 0x33,
        0x33, 0x30, 0x30, 0x0A, 0x36, 0x31, 0x38, 0x30, 0x0A, 0x46, 0x33, 0x43, 0x30, 0x0A, 0x46, 0x33,
        0x43, 0x30, 0x0A, 0x45, 0x4E, 0x44, 0x43, 0x48, 0x41, 0x52, 0x0A, 0x53, 0x54, 0x41, 0x52, 0x54,
        0x43, 0x48, 0x41, 0x52, 0x20, 0x59, 0x0A, 0x45, 0x4E, 0x43, 0x4F, 0x44, 0x49, 0x4E, 0x47, 0x20,
        0x38, 0x39, 0x0A, 0x53, 0x57, 0x49, 0x44, 0x54, 0x48, 0x20, 0x36, 0x30, 0x30, 0x20, 0x30, 0x0A,
        0x44, 0x57, 0x49, 0x44, 0x54, 0x48, 0x20, 0x31, 0x31, 0x20, 0x30, 0x0A, 0x42, 0x42, 0x58, 0x20,
        0x31, 0x30, 0x20, 0x31, 0x31, 0x20, 0x30, 0x20, 0x30, 0x0A, 0x42, 0x49, 0x54, 0x4D, 0x41, 0x50,
        0x0A, 0x46, 0x33, 0x43, 0x30, 0x0A, 0x46, 0x33, 0x43, 0x30, 0x0A, 0x36, 0x31, 0x38, 0x30, 0x0A,
        0x33, 0x33, 0x30, 0x30, 0x0A, 0x33, 0x46, 0x30, 0x30, 0x0A, 0x31, 0x45, 0x30, 0x30, 0x0A, 0x30,
        0x43, 0x30, 0x30, 0x0A, 0x30, 0x43, 0x30, 0x30, 0x0A, 0x30, 0x43, 0x30, 0x30, 0x0A, 0x33, 0x46,
        0x30, 0x30, 0x0A, 0x33, 0x46, 0x30, 0x30, 0x0A, 0x45, 0x4E, 0x44, 0x43, 0x48, 0x41, 0x52, 0x0A,
        0x53, 0x54, 0x41, 0x52, 0x54, 0x43, 0x48, 0x41, 0x52, 0x20, 0x5A, 0x0A, 0x45, 0x4E, 0x43, 0x4F,
        0x44, 0x49, 0x4E, 0x47, 0x20, 0x39, 0x30, 0x0A, 0x53, 0x57, 0x49, 0x44, 0x54, 0x48, 0x20, 0x36,
        0x30, 0x30, 0x20, 0x30, 0x0A, 0x44, 0x57, 0x49, 0x44, 0x54, 0x48, 0x20, 0x31, 0x31, 0x20, 0x30,
        0x0A, 0x42, 0x42, 0x58, 0x20, 0x38, 0x20, 0x31, 0x31, 0x20, 0x31, 0x20, 0x30, 0x0A, 0x42, 0x49,
        0x54, 0x4D, 0x41, 0x50, 0x0A, 0x46, 0x46, 0x0A, 0x46, 0x46, 0x0A, 0x43, 0x37, 0x0A, 0x43, 0x45,
        0x0A, 0x30, 0x43, 0x0A, 0x31, 0x38, 0x0A, 0x33, 0x30, 0x0A, 0x37, 0x33, 0x0A, 0x45, 0x33, 0x0A,
        0x46, 0x46, 0x0A, 0x46, 0x46, 0x0A, 0x45, 0x4E, 0x44, 0x43, 0x48, 0x41, 0x52, 0x0A, 0x53, 0x54,
        0x41, 0x52, 0x54, 0x43, 0x48, 0x41, 0x52, 0x20, 0x62, 0x72, 0x61, 0x63, 0x6B, 0x65, 0x74, 0x6C,
        0x65, 0x66, 0x74, 0x0A, 0x45, 0x4E, 0x43, 0x4F, 0x44, 0x49, 0x4E, 0x47, 0x20, 0x39, 0x31, 0x0A,
        0x53, 0x57, 0x49, 0x44, 0x54, 0x48, 0x20, 0x36, 0x30, 0x30, 0x20, 0x30, 0x0A, 0x44, 0x57, 0x49,
        0x44, 0x54, 0x48, 0x20, 0x31, 0x31, 0x20, 0x30, 0x0A, 0x42, 0x42, 0x58, 0x20, 0x34, 0x20, 0x31,
        0x35, 0x20, 0x34, 0x20, 0x2D, 0x33, 0x0A, 0x42, 0x49, 0x54, 0x4D, 0x41, 0x50, 0x0A, 0x46, 0x30,
        0x0A, 0x46, 0x30, 0x0A, 0x43, 0x30, 0x0A, 0x43, 0x30, 0x0A, 0x43, 0x30, 0x0A, 0x43, 0x30, 0x0A,
        0x43, 0x30, 0x0A, 0x43, 0x30, 0x0A, 0x43, 0x30, 0x0A, 0x43, 0x30, 0x0A, 0x43, 0x30, 0x0A, 0x43,
        0x30, 0x0A, 0x43, 0x30, 0x0A, 0x46, 0x30, 0x0A, 0x46, 0x30, 0x0A, 0x45, 0x4E, 0x44, 0x43, 0x48,
        0x41, 0x52, 0x0A, 0x53, 0x54, 0x41, 0x52, 0x54, 0x43, 0x48, 0x41, 0x52, 0x20, 0x62, 0x61, 0x63,
        0x6B, 0x73, 0x6C, 0x61, 0x73, 0x68, 0x0A, 0x45, 0x4E, 0x43, 0x4F, 0x44, 0x49, 0x4E, 0x47, 0x20,
        0x39, 0x32, 0x0A, 0x53, 0x57, 0x49, 0x44, 0x54, 0x48, 0x20, 0x36, 0x30, 0x30, 0x20, 0x30, 0x0A,
        0x44, 0x57, 0x49, 0x44, 0x54, 0x48, 0x20, 0x31, 0x31, 0x20, 0x30, 0x0A, 0x42, 0x42, 0x58, 0x20,
        0x39, 0x20, 0x31, 0x36, 0x20, 0x31, 0x20, 0x2D, 0x33, 0x0A, 0x42, 0x49, 0x54, 0x4D, 0x41, 0x50,
        0x0A, 0x43, 0x30, 0x30, 0x30, 0x0A, 0x43, 0x30, 0x30, 0x30, 0x0A, 0x36, 0x30, 0x30, 0x30, 0x0A,
        0x36, 0x30, 0x30, 0x30, 0x0A, 0x33, 0x30, 0x30, 0x30, 0x0A, 0x33, 0x30, 0x30, 0x30, 0x0A, 0x31,
        0x38, 0x30, 0x30, 0x0A, 0x31, 0x38, 0x30, 0x30, 0x0A, 0x30, 0x43, 0x30, 0x30, 0x0A, 0x30, 0x43,
        0x30, 0x30, 0x0A, 0x30, 0x36, 0x30, 0x30, 0x0A, 0x30, 0x36, 0x30, 0x30, 0x0A, 0x30, 0x33, 0x30,
        0x30, 0x0A, 0x30, 0x33, 0x30, 0x30, 0x0A, 0x30, 0x31, 0x38, 0x30, 0x0A, 0x30, 0x31, 0x38, 0x30,
        0x0A, 0x45, 0x4E, 0x44, 0x43, 0x48, 0x41, 0x52, 0x0A, 0x53, 0x54, 0x41, 0x52, 0x54, 0x43, 0x48,
        0x41, 0x52, 0x20, 0x62, 0x72, 0x61, 0x63, 0x6B, 0x65, 0x74, 0x72, 0x69, 0x67, 0x68, 0x74, 0x0A,
        0x45, 0x4E, 0x43, 0x4F, 0x44, 0x49, 0x4E, 0x47, 0x20, 0x39, 0x33, 0x0A, 0x53, 0x57, 0x49, 0x44,
        0x54, 0x48, 0x20, 0x36, 0x30, 0x30, 0x20, 0x30, 0x0A, 0x44, 0x57, 0x49, 0x44, 0x54, 0x48, 0x20,
        0x31, 0x31, 0x20, 0x30, 0x0A, 0x42, 0x42, 0x58, 0x20, 0x34, 0x20, 0x31, 0x35, 0x20, 0x32, 0x20,
        0x2D, 0x33, 0x0A, 0x42, 0x49, 0x54, 0x4D, 0x41, 0x50, 0x0A, 0x46, 0x30, 0x0A, 0x46, 0x30, 0x0A,
        0x33, 0x30, 0x0A, 0x33, 0x30, 0x0A, 0x33, 0x30, 0x0A, 0x33, 0x30, 0x0A, 0x33, 0x30, 0x0A, 0x33,
        0x30, 0x0A, 0x33, 0x30, 0x0A, 0x33, 0x30, 0x0A, 0x33, 0x30, 0x0A, 0x33, 0x30, 0x0A, 0x33, 0x30,
        0x0A, 0x46, 0x30, 0x0A, 0x46, 0x30, 0x0A, 0x45, 0x4E, 0x44, 0x43, 0x48, 0x41, 0x52, 0x0A, 0x53,
        0x54, 0x41, 0x52, 0x54, 0x43, 0x48, 0x41, 0x52, 0x20, 0x61, 0x73, 0x63, 0x69, 0x69, 0x63, 0x69,
        0x72, 0x63, 0x75, 0x6D, 0x0A, 0x45, 0x4E, 0x43, 0x4F, 0x44, 0x49, 0x4E, 0x47, 0x20, 0x39, 0x34,
        0x0A, 0x53, 0x57, 0x49, 0x44, 0x54, 0x48, 0x20, 0x36, 0x30, 0x30, 0x20, 0x30, 0x0A, 0x44, 0x57,
        0x49, 0x44, 0x54, 0x48, 0x20, 0x31, 0x31, 0x20, 0x30, 0x0A, 0x42, 0x42, 0x58, 0x20, 0x38, 0x20,
        0x37, 0x20, 0x31, 0x20, 0x35, 0x0A, 0x42, 0x49, 0x54, 0x4D, 0x41, 0x50, 0x0A, 0x31, 0x38, 0x0A,
        0x33, 0x43, 0x0A, 0x33, 0x43, 0x0A, 0x36, 0x36, 0x0A, 0x36, 0x36, 0x0A, 0x43, 0x33, 0x0A, 0x43,
        0x33, 0x0A, 0x45, 0x4E, 0x44, 0x43, 0x48, 0x41, 0x52, 0x0A, 0x53, 0x54, 0x41, 0x52, 0x54, 0x43,
        0x48, 0x41, 0x52, 0x20, 0x75, 0x6E, 0x64, 0x65, 0x72, 0x73, 0x63, 0x6F, 0x72, 0x65, 0x0A, 0x45,
        0x4E, 0x43, 0x4F, 0x44, 0x49, 0x4E, 0x47, 0x20, 0x39, 0x35, 0x0A, 0x53, 0x57, 0x49, 0x44, 0x54,
        0x48, 0x20, 0x36, 0x30, 0x30, 0x20, 0x30, 0x0A, 0x44, 0x57, 0x49, 0x44, 0x54, 0x48, 0x20, 0x31,
        0x31, 0x20, 0x30, 0x0A, 0x42, 0x42, 0x58, 0x20, 0x31, 0x31, 0x20, 0x32, 0x20, 0x30, 0x20, 0x2D,
        0x34, 0x0A, 0x42, 0x49, 0x54, 0x4D, 0x41, 0x50, 0x0A, 0x46, 0x46, 0x45, 0x30, 0x0A, 0x46, 0x46,
        0x45, 0x30, 0x0A, 0x45, 0x4E, 0x44, 0x43, 0x48, 0x41, 0x52, 0x0A, 0x53, 0x54, 0x41, 0x52, 0x54,
        0x43, 0x48, 0x41, 0x52, 0x20, 0x71, 0x75, 0x6F, 0x74, 0x65, 0x6C, 0x65, 0x66, 0x74, 0x0A, 0x45,
        0x4E, 0x43, 0x4F, 0x44, 0x49, 0x4E, 0x47, 0x20, 0x39, 0x36, 0x0A, 0x53, 0x57, 0x49, 0x44, 0x54,
        0x48, 0x20, 0x36, 0x30, 0x30, 0x20, 0x30, 0x0A, 0x44, 0x57, 0x49, 0x44, 0x54, 0x48, 0x20, 0x31,
        0x31, 0x20, 0x30, 0x0A, 0x42, 0x42, 0x58, 0x20, 0x34, 0x20, 0x35, 0x20, 0x34, 0x20, 0x37, 0x0A,
        0x42, 0x49, 0x54, 0x4D, 0x41, 0x50, 0x0A, 0x43, 0x30, 0x0A, 0x43, 0x30, 0x0A, 0x36, 0x30, 0x0A,
        0x36, 0x30, 0x0A, 0x33, 0x30, 0x0A, 0x45, 0x4E, 0x44, 0x43, 0x48, 0x41, 0x52, 0x0A, 0x53, 0x54,
        0x41, 0x52, 0x54, 0x43, 0x48, 0x41, 0x52, 0x20, 0x61, 0x0A, 0x45, 0x4E, 0x43, 0x4F, 0x44, 0x49,
        0x4E, 0x47, 0x20, 0x39, 0x37, 0x0A, 0x53, 0x57, 0x49, 0x44, 0x54, 0x48, 0x20, 0x36, 0x30, 0x30,
        0x20, 0x30, 0x0A, 0x44, 0x57, 0x49, 0x44, 0x54, 0x48, 0x20, 0x31, 0x31, 0x20, 0x30, 0x0A, 0x42,
        0x42, 0x58, 0x20, 0x31, 0x30, 0x20, 0x39, 0x20, 0x30, 0x20, 0x30, 0x0A, 0x42, 0x49, 0x54, 0x4D,
        0x41, 0x50, 0x0A, 0x33, 0x46, 0x30, 0x30, 0x0A, 0x37, 0x46, 0x38, 0x30, 0x0A, 0x36, 0x31, 0x38,
        0x30, 0x0A, 0x30, 0x31, 0x38, 0x30, 0x0A, 0x37, 0x46, 0x38, 0x30, 0x0A, 0x46, 0x46, 0x38, 0x30,
        0x0A, 0x43, 0x31, 0x38, 0x30, 0x0A, 0x46, 0x46, 0x43, 0x30, 0x0A, 0x37, 0x44, 0x43, 0x30, 0x0A,
        0x45, 0x4E, 0x44, 0x43, 0x48, 0x41, 0x52, 0x0A, 0x53, 0x54, 0x41, 0x52, 0x54, 0x43, 0x48, 0x41,
        0x52, 0x20, 0x62, 0x0A, 0x45, 0x4E, 0x43, 0x4F, 0x44, 0x49, 0x4E, 0x47, 0x20, 0x39, 0x38, 0x0A,
        0x53, 0x57, 0x49, 0x44, 0x54, 0x48, 0x20, 0x36, 0x30, 0x30, 0x20, 0x30, 0x0A, 0x44, 0x57, 0x49,
        0x44, 0x54, 0x48, 0x20, 0x31, 0x31, 0x20, 0x30, 0x0A, 0x42, 0x42, 0x58, 0x20, 0x31, 0x30, 0x20,
        0x31, 0x32, 0x20, 0x30, 0x20, 0x30, 0x0A, 0x42, 0x49, 0x54, 0x4D, 0x41, 0x50, 0x0A, 0x45, 0x30,
        0x30, 0x30, 0x0A, 0x45, 0x30, 0x30, 0x30, 0x0A, 0x36, 0x30, 0x30, 0x30, 0x0A, 0x36, 0x46, 0x30,
        0x30, 0x0A, 0x37, 0x46, 0x38, 0x30, 0x0A, 0x37, 0x31, 0x43, 0x30, 0x0A, 0x36, 0x30, 0x43, 0x30,
        0x0A, 0x36, 0x30, 0x43, 0x30, 0x0A, 0x36, 0x30, 0x43, 0x30, 0x0A, 0x37, 0x31, 0x43, 0x30, 0x0A,
        0x46, 0x46, 0x38, 0x30, 0x0A, 0x45, 0x46, 0x30, 0x30, 0x0A, 0x45, 0x4E, 0x44, 0x43, 0x48, 0x41,
        0x52, 0x0A, 0x53, 0x54, 0x41, 0x52, 0x54, 0x43, 0x48, 0x41, 0x52, 0x20, 0x63, 0x0A, 0x45, 0x4E,
        0x43, 0x4F, 0x44, 0x49, 0x4E, 0x47, 0x20, 0x39, 0x39, 0x0A, 0x53, 0x57, 0x49, 0x44, 0x54, 0x48,
        0x20, 0x36, 0x30, 0x30, 0x20, 0x30, 0x0A, 0x44, 0x57, 0x49, 0x44, 0x54, 0x48, 0x20, 0x31, 0x31,
        0x20, 0x30, 0x0A, 0x42, 0x42, 0x58, 0x20, 0x31, 0x30, 0x20, 0x39, 0x20, 0x30, 0x20, 0x30, 0x0A,
        0x42, 0x49, 0x54, 0x4D, 0x41, 0x50, 0x0A, 0x33, 0x44, 0x38, 0x30, 0x0A, 0x37, 0x46, 0x38, 0x30,
        0x0A, 0x45, 0x33, 0x38, 0x30, 0x0A, 0x43, 0x31, 0x38, 0x30, 0x0A, 0x43, 0x30, 0x30, 0x30, 0x0A,
        0x43, 0x30, 0x30, 0x30, 0x0A, 0x45, 0x31, 0x43, 0x30, 0x0A, 0x37, 0x46, 0x43, 0x30, 0x0A, 0x33,
        0x46, 0x30, 0x30, 0x0A, 0x45, 0x4E, 0x44, 0x43, 0x48, 0x41, 0x52, 0x0A, 0x53, 0x54, 0x41, 0x52,
        0x54, 0x43, 0x48, 0x41, 0x52, 0x20, 0x64, 0x0A, 0x45, 0x4E, 0x43, 0x4F, 0x44, 0x49, 0x4E, 0x47,
        0x20, 0x31, 0x30, 0x30, 0x0A, 0x53, 0x57, 0x49, 0x44, 0x54, 0x48, 0x20, 0x36, 0x30, 0x30, 0x20,
        0x30, 0x0A, 0x44, 0x57, 0x49, 0x44, 0x54, 0x48, 0x20, 0x31, 0x31, 0x20, 0x30, 0x0A, 0x42, 0x42,
        0x58, 0x20, 0x31, 0x30, 0x20, 0x31, 0x32, 0x20, 0x30, 0x20, 0x30, 0x0A, 0x42, 0x49, 0x54, 0x4D,
        0x41, 0x50, 0x0A, 0x30, 0x33, 0x38, 0x30, 0x0A, 0x30, 0x33, 0x38, 0x30, 0x0A, 0x30, 0x31, 0x38,
        0x30, 0x0A, 0x33, 0x44, 0x38, 0x30, 0x0A, 0x37, 0x46, 0x38, 0x30, 0x0A, 0x45, 0x33, 0x38, 0x30,
        0x0A, 0x43, 0x31, 0x38, 0x30, 0x0A, 0x43, 0x31, 0x38, 0x30, 0x0A, 0x43, 0x31, 0x38, 0x30, 0x0A,
        0x45, 0x33, 0x38, 0x30, 0x0A, 0x37, 0x46, 0x43, 0x30, 0x0A, 0x33, 0x44, 0x43, 0x30, 0x0A, 0x45,
        0x4E, 0x44, 0x43, 0x48, 0x41, 0x52, 0x0A, 0x53, 0x54, 0x41, 0x52, 0x54, 0x43, 0x48, 0x41, 0x52,
        0x20, 0x65, 0x0A, 0x45, 0x4E, 0x43, 0x4F, 0x44, 0x49, 0x4E, 0x47, 0x20, 0x31, 0x30, 0x31, 0x0A,
        0x53, 0x57, 0x49, 0x44, 0x54, 0x48, 0x20, 0x36, 0x30, 0x30, 0x20, 0x30, 0x0A, 0x44, 0x57, 0x49,
        0x44, 0x54, 0x48, 0x20, 0x31, 0x31, 0x20, 0x30, 0x0A, 0x42, 0x42, 0x58, 0x20, 0x31, 0x30, 0x20,
        0x39, 0x20, 0x30, 0x20, 0x30, 0x0A, 0x42, 0x49, 0x54, 0x4D, 0x41, 0x50, 0x0A, 0x31, 0x45, 0x30,
        0x30, 0x0A, 0x37, 0x46, 0x38, 0x30, 0x0A, 0x45, 0x31, 0x43, 0x30, 0x0A, 0x43, 0x30, 0x43, 0x30,
        0x0A, 0x46, 0x46, 0x43, 0x30, 0x0A, 0x46, 0x46, 0x43, 0x30, 0x0A, 0x45, 0x30, 0x30, 0x30, 0x0A,
        0x37, 0x46, 0x38, 0x30, 0x0A, 0x31, 0x46, 0x38, 0x30, 0x0A, 0x45, 0x4E, 0x44, 0x43, 0x48, 0x41,
        0x52, 0x0A, 0x53, 0x54, 0x41, 0x52, 0x54, 0x43, 0x48, 0x41, 0x52, 0x20, 0x66, 0x0A, 0x45, 0x4E,
        0x43, 0x4F, 0x44, 0x49, 0x4E, 0x47, 0x20, 0x31, 0x30, 0x32, 0x0A, 0x53, 0x57, 0x49, 0x44, 0x54,
        0x48, 0x20, 0x36, 0x30, 0x30, 0x20, 0x30, 0x0A, 0x44, 0x57, 0x49, 0x44, 0x54, 0x48, 0x20, 0x31,
        0x31, 0x20, 0x30, 0x0A, 0x42, 0x42, 0x58, 0x20, 0x39, 0x20, 0x31, 0x32, 0x20, 0x31, 0x20, 0x30,
        0x0A, 0x42, 0x49, 0x54, 0x4D, 0x41, 0x50, 0x0A, 0x31, 0x46, 0x38, 0x30, 0x0A, 0x33, 0x46, 0x38,
        0x30, 0x0A, 0x33, 0x30, 0x30, 0x30, 0x0A, 0x46, 0x46, 0x30, 0x30, 0x0A, 0x46, 0x46, 0x30, 0x30,
        0x0A, 0x33, 0x30, 0x30, 0x30, 0x0A, 0x33, 0x30, 0x30, 0x30, 0x0A, 0x33, 0x30, 0x30, 0x30, 0x0A,
        0x33, 0x30, 0x30, 0x30, 0x0A, 0x33, 0x30, 0x30, 0x30, 0x0A, 0x46, 0x46, 0x30, 0x30, 0x0A, 0x46,
        0x46, 0x30, 0x30, 0x0A, 0x45, 0x4E, 0x44, 0x43, 0x48, 0x41, 0x52, 0x0A, 0x53, 0x54, 0x41, 0x52,
        0x54, 0x43, 0x48, 0x41, 0x52, 0x20, 0x67, 0x0A, 0x45, 0x4E, 0x43, 0x4F, 0x44, 0x49, 0x4E, 0x47,
        0x20, 0x31, 0x30, 0x33, 0x0A, 0x53, 0x57, 0x49, 0x44, 0x54, 0x48, 0x20, 0x36, 0x30, 0x30, 0x20,
        0x30, 0x0A, 0x44, 0x57, 0x49, 0x44, 0x54, 0x48, 0x20, 0x31, 0x31, 0x20, 0x30, 0x0A, 0x42, 0x42,
        0x58, 0x20, 0x31, 0x30, 0x20, 0x31, 0x33, 0x20, 0x30, 0x20, 0x2D, 0x34, 0x0A, 0x42, 0x49, 0x54,
        0x4D, 0x41, 0x50, 0x0A, 0x33, 0x44, 0x43, 0x30, 0x0A, 0x37, 0x46, 0x43, 0x30, 0x0A, 0x45, 0x33,
        0x38, 0x30, 0x0A, 0x43, 0x31, 0x38, 0x30, 0x0A, 0x43, 0x31, 0x38, 0x30, 0x0A, 0x43, 0x31, 0x38,
        0x30, 0x0A, 0x45, 0x33, 0x38, 0x30, 0x0A, 0x37, 0x46, 0x38, 0x30, 0x0A, 0x33, 0x44, 0x38, 0x30,
        0x0A, 0x30, 0x31, 0x38, 0x30, 0x0A, 0x30, 0x33, 0x38, 0x30, 0x0A, 0x33, 0x46, 0x30, 0x30, 0x0A,
        0x33, 0x45, 0x30, 0x30, 0x0A, 0x45, 0x4E, 0x44, 0x43, 0x48, 0x41, 0x52, 0x0A, 0x53, 0x54, 0x41,
        0x52, 0x54, 0x43, 0x48, 0x41, 0x52, 0x20, 0x68, 0x0A, 0x45, 0x4E, 0x43, 0x4F, 0x44, 0x49, 0x4E,
        0x47, 0x20, 0x31, 0x30, 0x34, 0x0A, 0x53, 0x57, 0x49, 0x44, 0x54, 0x48, 0x20, 0x36, 0x30, 0x30,
        0x20, 0x30, 0x0A, 0x44, 0x57, 0x49, 0x44, 0x54, 0x48, 0x20, 0x31, 0x31, 0x20, 0x30, 0x0A, 0x42,
        0x42, 0x58, 0x20, 0x31, 0x30, 0x20, 0x31, 0x32, 0x20, 0x30, 0x20, 0x30, 0x0A, 0x42, 0x49, 0x54,
        0x4D, 0x41, 0x50, 0x0A, 0x45, 0x30, 0x30, 0x30, 0x0A, 0x45, 0x30, 0x30, 0x30, 0x0A, 0x36, 0x30,
        0x30, 0x30, 0x0A, 0x36, 0x46, 0x30, 0x30, 0x0A, 0x37, 0x46, 0x38, 0x30, 0x0A, 0x37, 0x31, 0x38,
        0x30, 0x0A, 0x36, 0x31, 0x38, 0x30, 0x0A, 0x36, 0x31, 0x38, 0x30, 0x0A, 0x36, 0x31, 0x38, 0x30,
        0x0A, 0x36, 0x31, 0x38, 0x30, 0x0A, 0x46, 0x33, 0x43, 0x30, 0x0A, 0x46, 0x33, 0x43, 0x30, 0x0A,
        0x45, 0x4E, 0x44, 0x43, 0x48, 0x41, 0x52, 0x0A, 0x53, 0x54, 0x41, 0x52, 0x54, 0x43, 0x48, 0x41,
        0x52, 0x20, 0x69, 0x0A, 0x45, 0x4E, 0x43, 0x4F, 0x44, 0x49, 0x4E, 0x47, 0x20, 0x31, 0x30, 0x35,
        0x0A, 0x53, 0x57, 0x49, 0x44, 0x54, 0x48, 0x20, 0x36, 0x30, 0x30, 0x20, 0x30, 0x0A, 0x44, 0x57,
        0x49, 0x44, 0x54, 0x48, 0x20, 0x31, 0x31, 0x20, 0x30, 0x0A, 0x42, 0x42, 0x58, 0x20, 0x38, 0x20,
        0x31, 0x32, 0x20, 0x31, 0x20, 0x30, 0x0A, 0x42, 0x49, 0x54, 0x4D, 0x41, 0x50, 0x0A, 0x31, 0x38,
        0x0A, 0x31, 0x38, 0x0A, 0x30, 0x30, 0x0A, 0x46, 0x38, 0x0A, 0x46, 0x38, 0x0A, 0x31, 0x38, 0x0A,
        0x31, 0x38, 0x0A, 0x31, 0x38, 0x0A, 0x31, 0x38, 0x0A, 0x31, 0x38, 0x0A, 0x46, 0x46, 0x0A, 0x46,
        0x46, 0x0A, 0x45, 0x4E, 0x44, 0x43, 0x48, 0x41, 0x52, 0x0A, 0x53, 0x54, 0x41, 0x52, 0x54, 0x43,
        0x48, 0x41, 0x52, 0x20, 0x6A, 0x0A, 0x45, 0x4E, 0x43, 0x4F, 0x44, 0x49, 0x4E, 0x47, 0x20, 0x31,
        0x30, 0x36, 0x0A, 0x53, 0x57, 0x49, 0x44, 0x54, 0x48, 0x20, 0x36, 0x30, 0x30, 0x20, 0x30, 0x0A,
        0x44, 0x57, 0x49, 0x44, 0x54, 0x48, 0x20, 0x31, 0x31, 0x20, 0x30, 0x0A, 0x42, 0x42, 0x58, 0x20,
        0x37, 0x20, 0x31, 0x36, 0x20, 0x31, 0x20, 0x2D, 0x34, 0x0A, 0x42, 0x49, 0x54, 0x4D, 0x41, 0x50,
        0x0A, 0x30, 0x43, 0x0A, 0x30, 0x43, 0x0A, 0x30, 0x30, 0x0A, 0x46, 0x45, 0x0A, 0x46, 0x45, 0x0A,
        0x30, 0x36, 0x0A, 0x30, 0x36, 0x0A, 0x30, 0x36, 0x0A, 0x30, 0x36, 0x0A, 0x30, 0x36, 0x0A, 0x30,
        0x36, 0x0A, 0x30, 0x36, 0x0A, 0x30, 0x36, 0x0A, 0x30, 0x45, 0x0A, 0x46, 0x43, 0x0A, 0x46, 0x38,
        0x0A, 0x45, 0x4E, 0x44, 0x43, 0x48, 0x41, 0x52, 0x0A, 0x53, 0x54, 0x41, 0x52, 0x54, 0x43, 0x48,
        0x41, 0x52, 0x20, 0x6B, 0x0A, 0x45, 0x4E, 0x43, 0x4F, 0x44, 0x49, 0x4E, 0x47, 0x20, 0x31, 0x30,
        0x37, 0x0A, 0x53, 0x57, 0x49, 0x44, 0x54, 0x48, 0x20, 0x36, 0x30, 0x30, 0x20, 0x30, 0x0A, 0x44,
        0x57, 0x49, 0x44, 0x54, 0x48, 0x20, 0x31, 0x31, 0x20, 0x30, 0x0A, 0x42, 0x42, 0x58, 0x20, 0x31,
        0x30, 0x20, 0x31, 0x32, 0x20, 0x30, 0x20, 0x30, 0x0A, 0x42, 0x49, 0x54, 0x4D, 0x41, 0x50, 0x0A,
        0x45, 0x30, 0x30, 0x30, 0x0A, 0x45, 0x30, 0x30, 0x30, 0x0A, 0x36, 0x30, 0x30, 0x30, 0x0A, 0x36,
        0x37, 0x38, 0x30, 0x0A, 0x36, 0x37, 0x38, 0x30, 0x0A, 0x36, 0x45, 0x30, 0x30, 0x0A, 0x37, 0x43,
        0x30, 0x30, 0x0A, 0x37, 0x43, 0x30, 0x30, 0x0A, 0x36, 0x45, 0x30, 0x30, 0x0A, 0x36, 0x37, 0x30,
        0x30, 0x0A, 0x45, 0x33, 0x43, 0x30, 0x0A, 0x45, 0x33, 0x43, 0x30, 0x0A, 0x45, 0x4E, 0x44, 0x43,
        0x48, 0x41, 0x52, 0x0A, 0x53, 0x54, 0x41, 0x52, 0x54, 0x43, 0x48, 0x41, 0x52, 0x20, 0x6C, 0x0A,
        0x45, 0x4E, 0x43, 0x4F, 0x44, 0x49, 0x4E, 0x47, 0x20, 0x31, 0x30, 0x38, 0x0A, 0x53, 0x57, 0x49,
        0x44, 0x54, 0x48, 0x20, 0x36, 0x30, 0x30, 0x20, 0x30, 0x0A, 0x44, 0x57, 0x49, 0x44, 0x54, 0x48,
        0x20, 0x31, 0x31, 0x20, 0x30, 0x0A, 0x42, 0x42, 0x58, 0x20, 0x38, 0x20, 0x31, 0x32, 0x20, 0x31,
        0x20, 0x30, 0x0A, 0x42, 0x49, 0x54, 0x4D, 0x41, 0x50, 0x0A, 0x46, 0x38, 0x0A, 0x46, 0x38, 0x0A,
        0x31, 0x38, 0x0A, 0x31, 0x38, 0x0A, 0x31, 0x38, 0x0A, 0x31, 0x38, 0x0A, 0x31, 0x38, 0x0A, 0x31,
        0x38, 0x0A, 0x31, 0x38, 0x0A, 0x31, 0x38, 0x0A, 0x46, 0x46, 0x0A, 0x46, 0x46, 0x0A, 0x45, 0x4E,
        0x44, 0x43, 0x48, 0x41, 0x52, 0x0A, 0x53, 0x54, 0x41, 0x52, 0x54, 0x43, 0x48, 0x41, 0x52, 0x20,
        0x6D, 0x0A, 0x45, 0x4E, 0x43, 0x4F, 0x44, 0x49, 0x4E, 0x47, 0x20, 0x31, 0x30, 0x39, 0x0A, 0x53,
        0x57, 0x49, 0x44, 0x54, 0x48, 0x20, 0x36, 0x30, 0x30, 0x20, 0x30, 0x0A, 0x44, 0x57, 0x49, 0x44,
        0x54, 0x48, 0x20, 0x31, 0x31, 0x20, 0x30, 0x0A, 0x42, 0x42, 0x58, 0x20, 0x31, 0x32, 0x20, 0x39,
        0x20, 0x2D, 0x31, 0x20, 0x30, 0x0A, 0x42, 0x49, 0x54, 0x4D, 0x41, 0x50, 0x0A, 0x45, 0x44, 0x43,
        0x30, 0x0A, 0x46, 0x46, 0x45, 0x30, 0x0A, 0x37, 0x37, 0x36, 0x30, 0x0A, 0x36, 0x36, 0x36, 0x30,
        0x0A, 0x36, 0x36, 0x36, 0x30, 0x0A, 0x36, 0x36, 0x36, 0x30, 0x0A, 0x36, 0x36, 0x36, 0x30, 0x0A,
        0x46, 0x37, 0x37, 0x30, 0x0A, 0x46, 0x37, 0x37, 0x30, 0x0A, 0x45, 0x4E, 0x44, 0x43, 0x48, 0x41,
        0x52, 0x0A, 0x53, 0x54, 0x41, 0x52, 0x54, 0x43, 0x48, 0x41, 0x52, 0x20, 0x6E, 0x0A, 0x45, 0x4E,
        0x43, 0x4F, 0x44, 0x49, 0x4E, 0x47, 0x20, 0x31, 0x31, 0x30, 0x0A, 0x53, 0x57, 0x49, 0x44, 0x54,
        0x48, 0x20, 0x36, 0x30, 0x30, 0x20, 0x30, 0x0A, 0x44, 0x57, 0x49, 0x44, 0x54, 0x48, 0x20, 0x31,
        0x31, 0x20, 0x30, 0x0A, 0x42, 0x42, 0x58, 0x20, 0x31, 0x30, 0x20, 0x39, 0x20, 0x30, 0x20, 0x30,
        0x0A, 0x42, 0x49, 0x54, 0x4D, 0x41, 0x50, 0x0A, 0x45, 0x46, 0x30, 0x30, 0x0A, 0x46, 0x46, 0x38,
        0x30, 0x0A, 0x37, 0x31, 0x38, 0x30, 0x0A, 0x36, 0x31, 0x38, 0x30, 0x0A, 0x36, 0x31, 0x38, 0x30,
        0x0A, 0x36, 0x31, 0x38, 0x30, 0x0A, 0x36, 0x31, 0x38, 0x30, 0x0A, 0x46, 0x33, 0x43, 0x30, 0x0A,
        0x46, 0x33, 0x43, 0x30, 0x0A, 0x45, 0x4E, 0x44, 0x43, 0x48, 0x41, 0x52, 0x0A, 0x53, 0x54, 0x41,
        0x52, 0x54, 0x43, 0x48, 0x41, 0x52, 0x20, 0x6F, 0x0A, 0x45, 0x4E, 0x43, 0x4F, 0x44, 0x49, 0x4E,
        0x47, 0x20, 0x31, 0x31, 0x31, 0x0A, 0x53, 0x57, 0x49, 0x44, 0x54, 0x48, 0x20, 0x36, 0x30, 0x30,
        0x20, 0x30, 0x0A, 0x44, 0x57, 0x49, 0x44, 0x54, 0x48, 0x20, 0x31, 0x31, 0x20, 0x30, 0x0A, 0x42,
        0x42, 0x58, 0x20, 0x31, 0x30, 0x20, 0x39, 0x20, 0x30, 0x20, 0x30, 0x0A, 0x42, 0x49, 0x54, 0x4D,
        0x41, 0x50, 0x0A, 0x31, 0x45, 0x30, 0x30, 0x0A, 0x37, 0x46, 0x38, 0x30, 0x0A, 0x45, 0x31, 0x43,
        0x30, 0x0A, 0x43, 0x30, 0x43, 0x30, 0x0A, 0x43, 0x30, 0x43, 0x30, 0x0A, 0x43, 0x30, 0x43, 0x30,
        0x0A, 0x45, 0x31, 0x43, 0x30, 0x0A, 0x37, 0x46, 0x38, 0x30, 0x0A, 0x31, 0x45, 0x30, 0x30, 0x0A,
        0x45, 0x4E, 0x44, 0x43, 0x48, 0x41, 0x52, 0x0A, 0x53, 0x54, 0x41, 0x52, 0x54, 0x43, 0x48, 0x41,
        0x52, 0x20, 0x70, 0x0A, 0x45, 0x4E, 0x43, 0x4F, 0x44, 0x49, 0x4E, 0x47, 0x20, 0x31, 0x31, 0x32,
        0x0A, 0x53, 0x57, 0x49, 0x44, 0x54, 0x48, 0x20, 0x36, 0x30, 0x30, 0x20, 0x30, 0x0A, 0x44, 0x57,
        0x49, 0x44, 0x54, 0x48, 0x20, 0x31, 0x31, 0x20, 0x30, 0x0A, 0x42, 0x42, 0x58, 0x20, 0x31, 0x30,
        0x20, 0x31, 0x33, 0x20, 0x30, 0x20, 0x2D, 0x34, 0x0A, 0x42, 0x49, 0x54, 0x4D, 0x41, 0x50, 0x0A,
        0x45, 0x46, 0x30, 0x30, 0x0A, 0x46, 0x46, 0x38, 0x30, 0x0A, 0x37, 0x31, 0x43, 0x30, 0x0A, 0x36,
        0x30, 0x43, 0x30, 0x0A, 0x36, 0x30, 0x43, 0x30, 0x0A, 0x36, 0x30, 0x43, 0x30, 0x0A, 0x37, 0x31,
        0x43, 0x30, 0x0A, 0x37, 0x46, 0x38, 0x30, 0x0A, 0x36, 0x46, 0x30, 0x30, 0x0A, 0x36, 0x30, 0x30,
        0x30, 0x0A, 0x36, 0x30, 0x30, 0x30, 0x0A, 0x46, 0x38, 0x30, 0x30, 0x0A, 0x46, 0x38, 0x30, 0x30,
        0x0A, 0x45, 0x4E, 0x44, 0x43, 0x48, 0x41, 0x52, 0x0A, 0x53, 0x54, 0x41, 0x52, 0x54, 0x43, 0x48,
        0x41, 0x52, 0x20, 0x71, 0x0A, 0x45, 0x4E, 0x43, 0x4F, 0x44, 0x49, 0x4E, 0x47, 0x20, 0x31, 0x31,
        0x33, 0x0A, 0x53, 0x57, 0x49, 0x44, 0x54, 0x48, 0x20, 0x36, 0x30, 0x30, 0x20, 0x30, 0x0A, 0x44,
        0x57, 0x49, 0x44, 0x54, 0x48, 0x20, 0x31, 0x31, 0x20, 0x30, 0x0A, 0x42, 0x42, 0x58, 0x20, 0x31,
        0x30, 0x20, 0x31, 0x33, 0x20, 0x30, 0x20, 0x2D, 0x34, 0x0A, 0x42, 0x49, 0x54, 0x4D, 0x41, 0x50,
        0x0A, 0x33, 0x44, 0x43, 0x30, 0x0A, 0x37, 0x46, 0x43, 0x30, 0x0A, 0x45, 0x33, 0x38, 0x30, 0x0A,
        0x43, 0x31, 0x38, 0x30, 0x0A, 0x43, 0x31, 0x38, 0x30, 0x0A, 0x43, 0x31, 0x38, 0x30, 0x0A, 0x45,
        0x33, 0x38, 0x30, 0x0A, 0x37, 0x46, 0x38, 0x30, 0x0A, 0x33, 0x44, 0x38, 0x30, 0x0A, 0x30, 0x31,
        0x38, 0x30, 0x0A, 0x30, 0x31, 0x38, 0x30, 0x0A, 0x30, 0x37, 0x43, 0x30, 0x0A, 0x30, 0x37, 0x43,
        0x30, 0x0A, 0x45, 0x4E, 0x44, 0x43, 0x48, 0x41, 0x52, 0x0A, 0x53, 0x54, 0x41, 0x52, 0x54, 0x43,
        0x48, 0x41, 0x52, 0x20, 0x72, 0x0A, 0x45, 0x4E, 0x43, 0x4F, 0x44, 0x49, 0x4E, 0x47, 0x20, 0x31,
        0x31, 0x34, 0x0A, 0x53, 0x57, 0x49, 0x44, 0x54, 0x48, 0x20, 0x36, 0x30, 0x30, 0x20, 0x30, 0x0A,
        0x44, 0x57, 0x49, 0x44, 0x54, 0x48, 0x20, 0x31, 0x31, 0x20, 0x30, 0x0A, 0x42, 0x42, 0x58, 0x20,
        0x31, 0x30, 0x20, 0x39, 0x20, 0x30, 0x20, 0x30, 0x0A, 0x42, 0x49, 0x54, 0x4D, 0x41, 0x50, 0x0A,
        0x46, 0x33, 0x38, 0x30, 0x0A, 0x46, 0x46, 0x43, 0x30, 0x0A, 0x33, 0x43, 0x43, 0x30, 0x0A, 0x33,
        0x38, 0x30, 0x30, 0x0A, 0x33, 0x30, 0x30, 0x30, 0x0A, 0x33, 0x30, 0x30, 0x30, 0x0A, 0x33, 0x30,
        0x30, 0x30, 0x0A, 0x46, 0x46, 0x30, 0x30, 0x0A, 0x46, 0x46, 0x30, 0x30, 0x0A, 0x45, 0x4E, 0x44,
        0x43, 0x48, 0x41, 0x52, 0x0A, 0x53, 0x54, 0x41, 0x52, 0x54, 0x43, 0x48, 0x41, 0x52, 0x20, 0x73,
        0x0A, 0x45, 0x4E, 0x43, 0x4F, 0x44, 0x49, 0x4E, 0x47, 0x20, 0x31, 0x31, 0x35, 0x0A, 0x53, 0x57,
        0x49, 0x44, 0x54, 0x48, 0x20, 0x36, 0x30, 0x30, 0x20, 0x30, 0x0A, 0x44, 0x57, 0x49, 0x44, 0x54,
        0x48, 0x20, 0x31, 0x31, 0x20, 0x30, 0x0A, 0x42, 0x42, 0x58, 0x20, 0x38, 0x20, 0x39, 0x20, 0x31,
        0x20, 0x30, 0x0A, 0x42, 0x49, 0x54, 0x4D, 0x41, 0x50, 0x0A, 0x37, 0x46, 0x0A, 0x46, 0x46, 0x0A,
        0x43, 0x33, 0x0A, 0x46, 0x30, 0x0A, 0x37, 0x45, 0x0A, 0x31, 0x46, 0x0A, 0x43, 0x33, 0x0A, 0x46,
        0x46, 0x0A, 0x46, 0x45, 0x0A, 0x45, 0x4E, 0x44, 0x43, 0x48, 0x41, 0x52, 0x0A, 0x53, 0x54, 0x41,
        0x52, 0x54, 0x43, 0x48, 0x41, 0x52, 0x20, 0x74, 0x0A, 0x45, 0x4E, 0x43, 0x4F, 0x44, 0x49, 0x4E,
        0x47, 0x20, 0x31, 0x31, 0x36, 0x0A, 0x53, 0x57, 0x49, 0x44, 0x54, 0x48, 0x20, 0x36, 0x30, 0x30,
        0x20, 0x30, 0x0A, 0x44, 0x57, 0x49, 0x44, 0x54, 0x48, 0x20, 0x31, 0x31, 0x20, 0x30, 0x0A, 0x42,
        0x42, 0x58, 0x20, 0x31, 0x30, 0x20, 0x31, 0x32, 0x20, 0x30, 0x20, 0x30, 0x0A, 0x42, 0x49, 0x54,
        0x4D, 0x41, 0x50, 0x0A, 0x33, 0x30, 0x30, 0x30, 0x0A, 0x33, 0x30, 0x30, 0x30, 0x0A, 0x33, 0x30,
        0x30, 0x30, 0x0A, 0x46, 0x46, 0x30, 0x30, 0x0A, 0x46, 0x46, 0x30, 0x30, 0x0A, 0x33, 0x30, 0x30,
        0x30, 0x0A, 0x33, 0x30, 0x30, 0x30, 0x0A, 0x33, 0x30, 0x30, 0x30, 0x0A, 0x33, 0x30, 0x30, 0x30,
        0x0A, 0x33, 0x30, 0x43, 0x30, 0x0A, 0x33, 0x46, 0x43, 0x30, 0x0A, 0x31, 0x46, 0x30, 0x30, 0x0A,
        0x45, 0x4E, 0x44, 0x43, 0x48, 0x41, 0x52, 0x0A, 0x53, 0x54, 0x41, 0x52, 0x54, 0x43, 0x48, 0x41,
        0x52, 0x20, 0x75, 0x0A, 0x45, 0x4E, 0x43, 0x4F, 0x44, 0x49, 0x4E, 0x47, 0x20, 0x31, 0x31, 0x37,
        0x0A, 0x53, 0x57, 0x49, 0x44, 0x54, 0x48, 0x20, 0x36, 0x30, 0x30, 0x20, 0x30, 0x0A, 0x44, 0x57,
        0x49, 0x44, 0x54, 0x48, 0x20, 0x31, 0x31, 0x20, 0x30, 0x0A, 0x42, 0x42, 0x58, 0x20, 0x31, 0x30,
        0x20, 0x39, 0x20, 0x30, 0x20, 0x30, 0x0A, 0x42, 0x49, 0x54, 0x4D, 0x41, 0x50, 0x0A, 0x45, 0x37,
        0x38, 0x30, 0x0A, 0x45, 0x37, 0x38, 0x30, 0x0A, 0x36, 0x31, 0x38, 0x30, 0x0A, 0x36, 0x31, 0x38,
        0x30, 0x0A, 0x36, 0x31, 0x38, 0x30, 0x0A, 0x36, 0x31, 0x38, 0x30, 0x0A, 0x36, 0x33, 0x38, 0x30,
        0x0A, 0x37, 0x46, 0x43, 0x30, 0x0A, 0x33, 0x44, 0x43, 0x30, 0x0A, 0x45, 0x4E, 0x44, 0x43, 0x48,
        0x41, 0x52, 0x0A, 0x53, 0x54, 0x41, 0x52, 0x54, 0x43, 0x48, 0x41, 0x52, 0x20, 0x76, 0x0A, 0x45,
        0x4E, 0x43, 0x4F, 0x44, 0x49, 0x4E, 0x47, 0x20, 0x31, 0x31, 0x38, 0x0A, 0x53, 0x57, 0x49, 0x44,
        0x54, 0x48, 0x20, 0x36, 0x30, 0x30, 0x20, 0x30, 0x0A, 0x44, 0x57, 0x49, 0x44, 0x54, 0x48, 0x20,
        0x31, 0x31, 0x20, 0x30, 0x0A, 0x42, 0x42, 0x58, 0x20, 0x31, 0x30, 0x20, 0x39, 0x20, 0x30, 0x20,
        0x30, 0x0A, 0x42, 0x49, 0x54, 0x4D, 0x41, 0x50, 0x0A, 0x46, 0x33, 0x43, 0x30, 0x0A, 0x46, 0x33,
        0x43, 0x30, 0x0A, 0x36, 0x31, 0x38, 0x30, 0x0A, 0x36, 0x31, 0x38, 0x30, 0x0A, 0x33, 0x33, 0x30,
        0x30, 0x0A, 0x33, 0x33, 0x30, 0x30, 0x0A, 0x31, 0x45, 0x30, 0x30, 0x0A, 0x31, 0x45, 0x30, 0x30,
        0x0A, 0x30, 0x43, 0x30, 0x30, 0x0A, 0x45, 0x4E, 0x44, 0x43, 0x48, 0x41, 0x52, 0x0A, 0x53, 0x54,
        0x41, 0x52, 0x54, 0x43, 0x48, 0x41, 0x52, 0x20, 0x77, 0x0A, 0x45, 0x4E, 0x43, 0x4F, 0x44, 0x49,
        0x4E, 0x47, 0x20, 0x31, 0x31, 0x39, 0x0A, 0x53, 0x57, 0x49, 0x44, 0x54, 0x48, 0x20, 0x36, 0x30,
        0x30, 0x20, 0x30, 0x0A, 0x44, 0x57, 0x49, 0x44, 0x54, 0x48, 0x20, 0x31, 0x31, 0x20, 0x30, 0x0A,
        0x42, 0x42, 0x58, 0x20, 0x31, 0x31, 0x20, 0x39, 0x20, 0x30, 0x20, 0x30, 0x0A, 0x42, 0x49, 0x54,
        0x4D, 0x41, 0x50, 0x0A, 0x46, 0x31, 0x45, 0x30, 0x0A, 0x46, 0x31, 0x45, 0x30, 0x0A, 0x36, 0x34,
        0x43, 0x30, 0x0A, 0x36, 0x45, 0x43, 0x30, 0x0A, 0x36, 0x45, 0x43, 0x30, 0x0A, 0x33, 0x42, 0x38,
        0x30, 0x0A, 0x33, 0x42, 0x38, 0x30, 0x0A, 0x33, 0x31, 0x38, 0x30, 0x0A, 0x33, 0x31, 0x38, 0x30,
        0x0A, 0x45, 0x4E, 0x44, 0x43, 0x48, 0x41, 0x52, 0x0A, 0x53, 0x54, 0x41, 0x52, 0x54, 0x43, 0x48,
        0x41, 0x52, 0x20, 0x78, 0x0A, 0x45, 0x4E, 0x43, 0x4F, 0x44, 0x49, 0x4E, 0x47, 0x20, 0x31, 0x32,
        0x30, 0x0A, 0x53, 0x57, 0x49, 0x44, 0x54, 0x48, 0x20, 0x36, 0x30, 0x30, 0x20, 0x30, 0x0A, 0x44,
        0x57, 0x49, 0x44, 0x54, 0x48, 0x20, 0x31, 0x31, 0x20, 0x30, 0x0A, 0x42, 0x42, 0x58, 0x20, 0x31,
        0x31, 0x20, 0x39, 0x20, 0x30, 0x20, 0x30, 0x0A, 0x42, 0x49, 0x54, 0x4D, 0x41, 0x50, 0x0A, 0x46,
        0x42, 0x45, 0x30, 0x0A, 0x46, 0x42, 0x45, 0x30, 0x0A, 0x33, 0x31, 0x38, 0x30, 0x0A, 0x31, 0x42,
        0x30, 0x30, 0x0A, 0x30, 0x45, 0x30, 0x30, 0x0A, 0x31, 0x42, 0x30, 0x30, 0x0A, 0x33, 0x31, 0x38,
        0x30, 0x0A, 0x46, 0x42, 0x45, 0x30, 0x0A, 0x46, 0x42, 0x45, 0x30, 0x0A, 0x45, 0x4E, 0x44, 0x43,
        0x48, 0x41, 0x52, 0x0A, 0x53, 0x54, 0x41, 0x52, 0x54, 0x43, 0x48, 0x41, 0x52, 0x20, 0x79, 0x0A,
        0x45, 0x4E, 0x43, 0x4F, 0x44, 0x49, 0x4E, 0x47, 0x20, 0x31, 0x32, 0x31, 0x0A, 0x53, 0x57, 0x49,
        0x44, 0x54, 0x48, 0x20, 0x36, 0x30, 0x30, 0x20, 0x30, 0x0A, 0x44, 0x57, 0x49, 0x44, 0x54, 0x48,
        0x20, 0x31, 0x31, 0x20, 0x30, 0x0A, 0x42, 0x42, 0x58, 0x20, 0x31, 0x30, 0x20, 0x31, 0x33, 0x20,
        0x30, 0x20, 0x2D, 0x34, 0x0A, 0x42, 0x49, 0x54, 0x4D, 0x41, 0x50, 0x0A, 0x46, 0x33, 0x43, 0x30,
        0x0A, 0x46, 0x33, 0x43, 0x30, 0x0A, 0x36, 0x31, 0x38, 0x30, 0x0A, 0x36, 0x31, 0x38, 0x30, 0x0A,
        0x33, 0x33, 0x30, 0x30, 0x0A, 0x33, 0x36, 0x30, 0x30, 0x0A, 0x31, 0x45, 0x30, 0x30, 0x0A, 0x31,
        0x43, 0x30, 0x30, 0x0A, 0x31, 0x38, 0x30, 0x30, 0x0A, 0x31, 0x38, 0x30, 0x30, 0x0A, 0x33, 0x30,
        0x30, 0x30, 0x0A, 0x46, 0x43, 0x30, 0x30, 0x0A, 0x46, 0x43, 0x30, 0x30, 0x0A, 0x45, 0x4E, 0x44,
        0x43, 0x48, 0x41, 0x52, 0x0A, 0x53, 0x54, 0x41, 0x52, 0x54, 0x43, 0x48, 0x41, 0x52, 0x20, 0x7A,
        0x0A, 0x45, 0x4E, 0x43, 0x4F, 0x44, 0x49, 0x4E, 0x47, 0x20, 0x31, 0x32, 0x32, 0x0A, 0x53, 0x57,
        0x49, 0x44, 0x54, 0x48, 0x20, 0x36, 0x30, 0x30, 0x20, 0x30, 0x0A, 0x44, 0x57, 0x49, 0x44, 0x54,
        0x48, 0x20, 0x31, 0x31, 0x20, 0x30, 0x0A, 0x42, 0x42, 0x58, 0x20, 0x38, 0x20, 0x39, 0x20, 0x31,
        0x20, 0x30, 0x0A, 0x42, 0x49, 0x54, 0x4D, 0x41, 0x50, 0x0A, 0x46, 0x46, 0x0A, 0x46, 0x46, 0x0A,
        0x43, 0x36, 0x0A, 0x30, 0x43, 0x0A, 0x31, 0x38, 0x0A, 0x33, 0x30, 0x0A, 0x36, 0x33, 0x0A, 0x46,
        0x46, 0x0A, 0x46, 0x46, 0x0A, 0x45, 0x4E, 0x44, 0x43, 0x48, 0x41, 0x52, 0x0A, 0x53, 0x54, 0x41,
        0x52, 0x54, 0x43, 0x48, 0x41, 0x52, 0x20, 0x62, 0x72, 0x61, 0x63, 0x65, 0x6C, 0x65, 0x66, 0x74,
        0x0A, 0x45, 0x4E, 0x43, 0x4F, 0x44, 0x49, 0x4E, 0x47, 0x20, 0x31, 0x32, 0x33, 0x0A, 0x53, 0x57,
        0x49, 0x44, 0x54, 0x48, 0x20, 0x36, 0x30, 0x30, 0x20, 0x30, 0x0A, 0x44, 0x57, 0x49, 0x44, 0x54,
        0x48, 0x20, 0x31, 0x31, 0x20, 0x30, 0x0A, 0x42, 0x42, 0x58, 0x20, 0x34, 0x20, 0x31, 0x35, 0x20,
        0x33, 0x20, 0x2D, 0x33, 0x0A, 0x42, 0x49, 0x54, 0x4D, 0x41, 0x50, 0x0A, 0x33, 0x30, 0x0A, 0x36,
        0x30, 0x0A, 0x36, 0x30, 0x0A, 0x36, 0x30, 0x0A, 0x36, 0x30, 0x0A, 0x36, 0x30, 0x0A, 0x43, 0x30,
        0x0A, 0x36, 0x30, 0x0A, 0x36, 0x30, 0x0A, 0x36, 0x30, 0x0A, 0x36, 0x30, 0x0A, 0x36, 0x30, 0x0A,
        0x36, 0x30, 0x0A, 0x36, 0x30, 0x0A, 0x33, 0x30, 0x0A, 0x45, 0x4E, 0x44, 0x43, 0x48, 0x41, 0x52,
        0x0A, 0x53, 0x54, 0x41, 0x52, 0x54, 0x43, 0x48, 0x41, 0x52, 0x20, 0x62, 0x61, 0x72, 0x0A, 0x45,
        0x4E, 0x43, 0x4F, 0x44, 0x49, 0x4E, 0x47, 0x20, 0x31, 0x32, 0x34, 0x0A, 0x53, 0x57, 0x49, 0x44,
        0x54, 0x48, 0x20, 0x36, 0x30, 0x30, 0x20, 0x30, 0x0A, 0x44, 0x57, 0x49, 0x44, 0x54, 0x48, 0x20,
        0x31, 0x31, 0x20, 0x30, 0x0A, 0x42, 0x42, 0x58, 0x20, 0x32, 0x20, 0x31, 0x36, 0x20, 0x34, 0x20,
        0x2D, 0x33, 0x0A, 0x42, 0x49, 0x54, 0x4D, 0x41, 0x50, 0x0A, 0x43, 0x30, 0x0A, 0x43, 0x30, 0x0A,
        0x43, 0x30, 0x0A, 0x43, 0x30, 0x0A, 0x43, 0x30, 0x0A, 0x43, 0x30, 0x0A, 0x43, 0x30, 0x0A, 0x43,
        0x30, 0x0A, 0x43, 0x30, 0x0A, 0x43, 0x30, 0x0A, 0x43, 0x30, 0x0A, 0x43, 0x30, 0x0A, 0x43, 0x30,
        0x0A, 0x43, 0x30, 0x0A, 0x43, 0x30, 0x0A, 0x43, 0x30, 0x0A, 0x45, 0x4E, 0x44, 0x43, 0x48, 0x41,
        0x52, 0x0A, 0x53, 0x54, 0x41, 0x52, 0x54, 0x43, 0x48, 0x41, 0x52, 0x20, 0x62, 0x72, 0x61, 0x63,
        0x65, 0x72, 0x69, 0x67, 0x68, 0x74, 0x0A, 0x45, 0x4E, 0x43, 0x4F, 0x44, 0x49, 0x4E, 0x47, 0x20,
        0x31, 0x32, 0x35, 0x0A, 0x53, 0x57, 0x49, 0x44, 0x54, 0x48, 0x20, 0x36, 0x30, 0x30, 0x20, 0x30,
        0x0A, 0x44, 0x57, 0x49, 0x44, 0x54, 0x48, 0x20, 0x31, 0x31, 0x20, 0x30, 0x0A, 0x42, 0x42, 0x58,
        0x20, 0x34, 0x20, 0x31, 0x35, 0x20, 0x33, 0x20, 0x2D, 0x33, 0x0A, 0x42, 0x49, 0x54, 0x4D, 0x41,
        0x50, 0x0A, 0x43, 0x30, 0x0A, 0x36, 0x30, 0x0A, 0x36, 0x30, 0x0A, 0x36, 0x30, 0x0A, 0x36, 0x30,
        0x0A, 0x36, 0x30, 0x0A, 0x33, 0x30, 0x0A, 0x36, 0x30, 0x0A, 0x36, 0x30, 0x0A, 0x36, 0x30, 0x0A,
        0x36, 0x30, 0x0A, 0x36, 0x30, 0x0A, 0x36, 0x30, 0x0A, 0x36, 0x30, 0x0A, 0x43, 0x30, 0x0A, 0x45,
        0x4E, 0x44, 0x43, 0x48, 0x41, 0x52, 0x0A, 0x53, 0x54, 0x41, 0x52, 0x54, 0x43, 0x48, 0x41, 0x52,
        0x20, 0x61, 0x73, 0x63, 0x69, 0x69, 0x74, 0x69, 0x6C, 0x64, 0x65, 0x0A, 0x45, 0x4E, 0x43, 0x4F,
        0x44, 0x49, 0x4E, 0x47, 0x20, 0x31, 0x32, 0x36, 0x0A, 0x53, 0x57, 0x49, 0x44, 0x54, 0x48, 0x20,
        0x36, 0x30, 0x30, 0x20, 0x30, 0x0A, 0x44, 0x57, 0x49, 0x44, 0x54, 0x48, 0x20, 0x31, 0x31, 0x20,
        0x30, 0x0A, 0x42, 0x42, 0x58, 0x20, 0x38, 0x20, 0x33, 0x20, 0x31, 0x20, 0x34, 0x0A, 0x42, 0x49,
        0x54, 0x4D, 0x41, 0x50, 0x0A, 0x37, 0x33, 0x0A, 0x46, 0x46, 0x0A, 0x44, 0x45, 0x0A, 0x45, 0x4E,
        0x44, 0x43, 0x48, 0x41, 0x52, 0x0A, 0x53, 0x54, 0x41, 0x52, 0x54, 0x43, 0x48, 0x41, 0x52, 0x20,
        0x65, 0x78, 0x63, 0x6C, 0x61, 0x6D, 0x64, 0x6F, 0x77, 0x6E, 0x0A, 0x45, 0x4E, 0x43, 0x4F, 0x44,
        0x49, 0x4E, 0x47, 0x20, 0x31, 0x36, 0x31, 0x0A, 0x53, 0x57, 0x49, 0x44, 0x54, 0x48, 0x20, 0x36,
        0x30, 0x30, 0x20, 0x30, 0x0A, 0x44, 0x57, 0x49, 0x44, 0x54, 0x48, 0x20, 0x31, 0x31, 0x20, 0x30,
        0x0A, 0x42, 0x42, 0x58, 0x20, 0x33, 0x20, 0x31, 0x32, 0x20, 0x34, 0x20, 0x2D, 0x34, 0x0A, 0x42,
        0x49, 0x54, 0x4D, 0x41, 0x50, 0x0A, 0x36, 0x30, 0x0A, 0x36, 0x30, 0x0A, 0x30, 0x30, 0x0A, 0x36,
        0x30, 0x0A, 0x36, 0x30, 0x0A, 0x36, 0x30, 0x0A, 0x45, 0x30, 0x0A, 0x45, 0x30, 0x0A, 0x45, 0x30,
        0x0A, 0x45, 0x30, 0x0A, 0x45, 0x30, 0x0A, 0x45, 0x30, 0x0A, 0x45, 0x4E, 0x44, 0x43, 0x48, 0x41,
        0x52, 0x0A, 0x53, 0x54, 0x41, 0x52, 0x54, 0x43, 0x48, 0x41, 0x52, 0x20, 0x63, 0x65, 0x6E, 0x74,
        0x0A, 0x45, 0x4E, 0x43, 0x4F, 0x44, 0x49, 0x4E, 0x47, 0x20, 0x31, 0x36, 0x32, 0x0A, 0x53, 0x57,
        0x49, 0x44, 0x54, 0x48, 0x20, 0x36, 0x30, 0x30, 0x20, 0x30, 0x0A, 0x44, 0x57, 0x49, 0x44, 0x54,
        0x48, 0x20, 0x31, 0x31, 0x20, 0x30, 0x0A, 0x42, 0x42, 0x58, 0x20, 0x38, 0x20, 0x31, 0x33, 0x20,
        0x31, 0x20, 0x30, 0x0A, 0x42, 0x49, 0x54, 0x4D, 0x41, 0x50, 0x0A, 0x31, 0x38, 0x0A, 0x31, 0x38,
        0x0A, 0x31, 0x38, 0x0A, 0x33, 0x46, 0x0A, 0x37, 0x46, 0x0A, 0x45, 0x33, 0x0A, 0x43, 0x30, 0x0A,
        0x43, 0x30, 0x0A, 0x45, 0x33, 0x0A, 0x37, 0x46, 0x0A, 0x33, 0x45, 0x0A, 0x31, 0x38, 0x0A, 0x31,
        0x38, 0x0A, 0x45, 0x4E, 0x44, 0x43, 0x48, 0x41, 0x52, 0x0A, 0x53, 0x54, 0x41, 0x52, 0x54, 0x43,
        0x48, 0x41, 0x52, 0x20, 0x73, 0x74, 0x65, 0x72, 0x6C, 0x69, 0x6E, 0x67, 0x0A, 0x45, 0x4E, 0x43,
        0x4F, 0x44, 0x49, 0x4E, 0x47, 0x20, 0x31, 0x36, 0x33, 0x0A, 0x53, 0x57, 0x49, 0x44, 0x54, 0x48,
        0x20, 0x36, 0x30, 0x30, 0x20, 0x30, 0x0A, 0x44, 0x57, 0x49, 0x44, 0x54, 0x48, 0x20, 0x31, 0x31,
        0x20, 0x30, 0x0A, 0x42, 0x42, 0x58, 0x20, 0x31, 0x30, 0x20, 0x31, 0x31, 0x20, 0x30, 0x20, 0x30,
        0x0A, 0x42, 0x49, 0x54, 0x4D, 0x41, 0x50, 0x0A, 0x33, 0x45, 0x30, 0x30, 0x0A, 0x37, 0x46, 0x30,
        0x30, 0x0A, 0x36, 0x33, 0x30, 0x30, 0x0A, 0x36, 0x30, 0x30, 0x30, 0x0A, 0x33, 0x30, 0x30, 0x30,
        0x0A, 0x46, 0x43, 0x30, 0x30, 0x0A, 0x46, 0x43, 0x30, 0x30, 0x0A, 0x33, 0x30, 0x30, 0x30, 0x0A,
        0x36, 0x30, 0x43, 0x30, 0x0A, 0x46, 0x46, 0x43, 0x30, 0x0A, 0x46, 0x46, 0x38, 0x30, 0x0A, 0x45,
        0x4E, 0x44, 0x43, 0x48, 0x41, 0x52, 0x0A, 0x53, 0x54, 0x41, 0x52, 0x54, 0x43, 0x48, 0x41, 0x52,
        0x20, 0x63, 0x75, 0x72, 0x72, 0x65, 0x6E, 0x63, 0x79, 0x0A, 0x45, 0x4E, 0x43, 0x4F, 0x44, 0x49,
        0x4E, 0x47, 0x20, 0x31, 0x36, 0x34, 0x0A, 0x53, 0x57, 0x49, 0x44, 0x54, 0x48, 0x20, 0x36, 0x30,
        0x30, 0x20, 0x30, 0x0A, 0x44, 0x57, 0x49, 0x44, 0x54, 0x48, 0x20, 0x31, 0x31, 0x20, 0x30, 0x0A,
        0x42, 0x42, 0x58, 0x20, 0x38, 0x20, 0x39, 0x20, 0x31, 0x20, 0x31, 0x0A, 0x42, 0x49, 0x54, 0x4D,
        0x41, 0x50, 0x0A, 0x43, 0x33, 0x0A, 0x46, 0x46, 0x0A, 0x37, 0x45, 0x0A, 0x43, 0x33, 0x0A, 0x43,
        0x33, 0x0A, 0x43, 0x33, 0x0A, 0x37, 0x45, 0x0A, 0x46, 0x46, 0x0A, 0x43, 0x33, 0x0A, 0x45, 0x4E,
        0x44, 0x43, 0x48, 0x41, 0x52, 0x0A, 0x53, 0x54, 0x41, 0x52, 0x54, 0x43, 0x48, 0x41, 0x52, 0x20,
        0x79, 0x65, 0x6E, 0x0A, 0x45, 0x4E, 0x43, 0x4F, 0x44, 0x49, 0x4E, 0x47, 0x20, 0x31, 0x36, 0x35,
        0x0A, 0x53, 0x57, 0x49, 0x44, 0x54, 0x48, 0x20, 0x36, 0x30, 0x30, 0x20, 0x30, 0x0A, 0x44, 0x57,
        0x49, 0x44, 0x54, 0x48, 0x20, 0x31, 0x31, 0x20, 0x30, 0x0A, 0x42, 0x42, 0x58, 0x20, 0x31, 0x30,
        0x20, 0x31, 0x31, 0x20, 0x30, 0x20, 0x30, 0x0A, 0x42, 0x49, 0x54, 0x4D, 0x41, 0x50, 0x0A, 0x46,
        0x33, 0x43, 0x30, 0x0A, 0x46, 0x33, 0x43, 0x30, 0x0A, 0x36, 0x31, 0x38, 0x30, 0x0A, 0x33, 0x33,
        0x30, 0x30, 0x0A, 0x31, 0x45, 0x30, 0x30, 0x0A, 0x33, 0x46, 0x30, 0x30, 0x0A, 0x30, 0x43, 0x30,
        0x30, 0x0A, 0x33, 0x46, 0x30, 0x30, 0x0A, 0x30, 0x43, 0x30, 0x30, 0x0A, 0x33, 0x46, 0x30, 0x30,
        0x0A, 0x33, 0x46, 0x30, 0x30, 0x0A, 0x45, 0x4E, 0x44, 0x43, 0x48, 0x41, 0x52, 0x0A, 0x53, 0x54,
        0x41, 0x52, 0x54, 0x43, 0x48, 0x41, 0x52, 0x20, 0x62, 0x72, 0x6F, 0x6B, 0x65, 0x6E, 0x62, 0x61,
        0x72, 0x0A, 0x45, 0x4E, 0x43, 0x4F, 0x44, 0x49, 0x4E, 0x47, 0x20, 0x31, 0x36, 0x36, 0x0A, 0x53,
        0x57, 0x49, 0x44, 0x54, 0x48, 0x20, 0x36, 0x30, 0x30, 0x20, 0x30, 0x0A, 0x44, 0x57, 0x49, 0x44,
        0x54, 0x48, 0x20, 0x31, 0x31, 0x20, 0x30, 0x0A, 0x42, 0x42, 0x58, 0x20, 0x32, 0x20, 0x31, 0x36,
        0x20, 0x34, 0x20, 0x2D, 0x33, 0x0A, 0x42, 0x49, 0x54, 0x4D, 0x41, 0x50, 0x0A, 0x43, 0x30, 0x0A,
        0x43, 0x30, 0x0A, 0x43, 0x30, 0x0A, 0x43, 0x30, 0x0A, 0x43, 0x30, 0x0A, 0x43, 0x30, 0x0A, 0x43,
        0x30, 0x0A, 0x30, 0x30, 0x0A, 0x30, 0x30, 0x0A, 0x43, 0x30, 0x0A, 0x43, 0x30, 0x0A, 0x43, 0x30,
        0x0A, 0x43, 0x30, 0x0A, 0x43, 0x30, 0x0A, 0x43, 0x30, 0x0A, 0x43, 0x30, 0x0A, 0x45, 0x4E, 0x44,
        0x43, 0x48, 0x41, 0x52, 0x0A, 0x53, 0x54, 0x41, 0x52, 0x54, 0x43, 0x48, 0x41, 0x52, 0x20, 0x73,
        0x65, 0x63, 0x74, 0x69, 0x6F, 0x6E, 0x0A, 0x45, 0x4E, 0x43, 0x4F, 0x44, 0x49, 0x4E, 0x47, 0x20,
        0x31, 0x36, 0x37, 0x0A, 0x53, 0x57, 0x49, 0x44, 0x54, 0x48, 0x20, 0x36, 0x30, 0x30, 0x20, 0x30,
        0x0A, 0x44, 0x57, 0x49, 0x44, 0x54, 0x48, 0x20, 0x31, 0x31, 0x20, 0x30, 0x0A, 0x42, 0x42, 0x58,
        0x20, 0x38, 0x20, 0x31, 0x34, 0x20, 0x31, 0x20, 0x2D, 0x32, 0x0A, 0x42, 0x49, 0x54, 0x4D, 0x41,
        0x50, 0x0A, 0x33, 0x46, 0x0A, 0x37, 0x33, 0x0A, 0x36, 0x33, 0x0A, 0x36, 0x30, 0x0A, 0x46, 0x38,
        0x0A, 0x44, 0x45, 0x0A, 0x43, 0x37, 0x0A, 0x45, 0x33, 0x0A, 0x37, 0x42, 0x0A, 0x31, 0x46, 0x0A,
        0x30, 0x36, 0x0A, 0x43, 0x36, 0x0A, 0x43, 0x45, 0x0A, 0x46, 0x43, 0x0A, 0x45, 0x4E, 0x44, 0x43,
        0x48, 0x41, 0x52, 0x0A, 0x53, 0x54, 0x41, 0x52, 0x54, 0x43, 0x48, 0x41, 0x52, 0x20, 0x64, 0x69,
        0x65, 0x72, 0x65, 0x73, 0x69, 0x73, 0x0A, 0x45, 0x4E, 0x43, 0x4F, 0x44, 0x49, 0x4E, 0x47, 0x20,
        0x31, 0x36, 0x38, 0x0A, 0x53, 0x57, 0x49, 0x44, 0x54, 0x48, 0x20, 0x36, 0x30, 0x30, 0x20, 0x30,
        0x0A, 0x44, 0x57, 0x49, 0x44, 0x54, 0x48, 0x20, 0x31, 0x31, 0x20, 0x30, 0x0A, 0x42, 0x42, 0x58,
        0x20, 0x36, 0x20, 0x32, 0x20, 0x32, 0x20, 0x39, 0x0A, 0x42, 0x49, 0x54, 0x4D, 0x41, 0x50, 0x0A,
        0x43, 0x43, 0x0A, 0x43, 0x43, 0x0A, 0x45, 0x4E, 0x44, 0x43, 0x48, 0x41, 0x52, 0x0A, 0x53, 0x54,
        0x41, 0x52, 0x54, 0x43, 0x48, 0x41, 0x52, 0x20, 0x63, 0x6F, 0x70, 0x79, 0x72, 0x69, 0x67, 0x68,
        0x74, 0x0A, 0x45, 0x4E, 0x43, 0x4F, 0x44, 0x49, 0x4E, 0x47, 0x20, 0x31, 0x36, 0x39, 0x0A, 0x53,
        0x57, 0x49, 0x44, 0x54, 0x48, 0x20, 0x36, 0x30, 0x30, 0x20, 0x30, 0x0A, 0x44, 0x57, 0x49, 0x44,
        0x54, 0x48, 0x20, 0x31, 0x31, 0x20, 0x30, 0x0A, 0x42, 0x42, 0x58, 0x20, 0x31, 0x32, 0x20, 0x31,
        0x32, 0x20, 0x30, 0x20, 0x30, 0x0A, 0x42, 0x49, 0x54, 0x4D, 0x41, 0x50, 0x0A, 0x30, 0x46, 0x30,
        0x30, 0x0A, 0x33, 0x46, 0x43, 0x30, 0x0A, 0x37, 0x30, 0x45, 0x30, 0x0A, 0x36, 0x46, 0x36, 0x30,
        0x0A, 0x44, 0x44, 0x42, 0x30, 0x0A, 0x44, 0x38, 0x33, 0x30, 0x0A, 0x44, 0x38, 0x33, 0x30, 0x0A,
        0x44, 0x44, 0x42, 0x30, 0x0A, 0x36, 0x46, 0x36, 0x30, 0x0A, 0x37, 0x30, 0x45, 0x30, 0x0A, 0x33,
        0x46, 0x43, 0x30, 0x0A, 0x30, 0x46, 0x30, 0x30, 0x0A, 0x45, 0x4E, 0x44, 0x43, 0x48, 0x41, 0x52,
        0x0A, 0x53, 0x54, 0x41, 0x52, 0x54, 0x43, 0x48, 0x41, 0x52, 0x20, 0x6F, 0x72, 0x64, 0x66, 0x65,
        0x6D, 0x69, 0x6E, 0x69, 0x6E, 0x65, 0x0A, 0x45, 0x4E, 0x43, 0x4F, 0x44, 0x49, 0x4E, 0x47, 0x20,
        0x31, 0x37, 0x30, 0x0A, 0x53, 0x57, 0x49, 0x44, 0x54, 0x48, 0x20, 0x36, 0x30, 0x30, 0x20, 0x30,
        0x0A, 0x44, 0x57, 0x49, 0x44, 0x54, 0x48, 0x20, 0x31, 0x31, 0x20, 0x30, 0x0A, 0x42, 0x42, 0x58,
        0x20, 0x36, 0x20, 0x38, 0x20, 0x32, 0x20, 0x33, 0x0A, 0x42, 0x49, 0x54, 0x4D, 0x41, 0x50, 0x0A,
        0x46, 0x30, 0x0A, 0x31, 0x38, 0x0A, 0x37, 0x38, 0x0A, 0x44, 0x38, 0x0A, 0x44, 0x38, 0x0A, 0x36,
        0x43, 0x0A, 0x30, 0x30, 0x0A, 0x46, 0x43, 0x0A, 0x45, 0x4E, 0x44, 0x43, 0x48, 0x41, 0x52, 0x0A,
        0x53, 0x54, 0x41, 0x52, 0x54, 0x43, 0x48, 0x41, 0x52, 0x20, 0x67, 0x75, 0x69, 0x6C, 0x6C, 0x65,
        0x6D, 0x6F, 0x74, 0x6C, 0x65, 0x66, 0x74, 0x0A, 0x45, 0x4E, 0x43, 0x4F, 0x44, 0x49, 0x4E, 0x47,
        0x20, 0x31, 0x37, 0x31, 0x0A, 0x53, 0x57, 0x49, 0x44, 0x54, 0x48, 0x20, 0x36, 0x30, 0x30, 0x20,
        0x30, 0x0A, 0x44, 0x57, 0x49, 0x44, 0x54, 0x48, 0x20, 0x31, 0x31, 0x20, 0x30, 0x0A, 0x42, 0x42,
        0x58, 0x20, 0x39, 0x20, 0x37, 0x20, 0x31, 0x20, 0x31, 0x0A, 0x42, 0x49, 0x54, 0x4D, 0x41, 0x50,
        0x0A, 0x31, 0x39, 0x38, 0x30, 0x0A, 0x33, 0x33, 0x30, 0x30, 0x0A, 0x36, 0x36, 0x30, 0x30, 0x0A,
        0x43, 0x43, 0x30, 0x30, 0x0A, 0x36, 0x36, 0x30, 0x30, 0x0A, 0x33, 0x33, 0x30, 0x30, 0x0A, 0x31,
        0x39, 0x38, 0x30, 0x0A, 0x45, 0x4E, 0x44, 0x43, 0x48, 0x41, 0x52, 0x0A, 0x53, 0x54, 0x41, 0x52,
        0x54, 0x43, 0x48, 0x41, 0x52, 0x20, 0x6C, 0x6F, 0x67, 0x69, 0x63, 0x61, 0x6C, 0x6E, 0x6F, 0x74,
        0x0A, 0x45, 0x4E, 0x43, 0x4F, 0x44, 0x49, 0x4E, 0x47, 0x20, 0x31, 0x37, 0x32, 0x0A, 0x53, 0x57,
        0x49, 0x44, 0x54, 0x48, 0x20, 0x36, 0x30, 0x30, 0x20, 0x30, 0x0A, 0x44, 0x57, 0x49, 0x44, 0x54,
        0x48, 0x20, 0x31, 0x31, 0x20, 0x30, 0x0A, 0x42, 0x42, 0x58, 0x20, 0x39, 0x20, 0x34, 0x20, 0x31,
        0x20, 0x34, 0x0A, 0x42, 0x49, 0x54, 0x4D, 0x41, 0x50, 0x0A, 0x46, 0x46, 0x38, 0x30, 0x0A, 0x46,
        0x46, 0x38, 0x30, 0x0A, 0x30, 0x31, 0x38, 0x30, 0x0A, 0x30, 0x31, 0x38, 0x30, 0x0A, 0x45, 0x4E,
        0x44, 0x43, 0x48, 0x41, 0x52, 0x0A, 0x53, 0x54, 0x41, 0x52, 0x54, 0x43, 0x48, 0x41, 0x52, 0x20,
        0x68, 0x79, 0x70, 0x68, 0x65, 0x6E, 0x0A, 0x45, 0x4E, 0x43, 0x4F, 0x44, 0x49, 0x4E, 0x47, 0x20,
        0x31, 0x37, 0x33, 0x0A, 0x53, 0x57, 0x49, 0x44, 0x54, 0x48, 0x20, 0x36, 0x30, 0x30, 0x20, 0x30,
        0x0A, 0x44, 0x57, 0x49, 0x44, 0x54, 0x48, 0x20, 0x31, 0x31, 0x20, 0x30, 0x0A, 0x42, 0x42, 0x58,
        0x20, 0x39, 0x20, 0x32, 0x20, 0x31, 0x20, 0x34, 0x0A, 0x42, 0x49, 0x54, 0x4D, 0x41, 0x50, 0x0A,
        0x46, 0x46, 0x38, 0x30, 0x0A, 0x46, 0x46, 0x38, 0x30, 0x0A, 0x45, 0x4E, 0x44, 0x43, 0x48, 0x41,
        0x52, 0x0A, 0x53, 0x54, 0x41, 0x52, 0x54, 0x43, 0x48, 0x41, 0x52, 0x20, 0x72, 0x65, 0x67, 0x69,
        0x73, 0x74, 0x65, 0x72, 0x65, 0x64, 0x0A, 0x45, 0x4E, 0x43, 0x4F, 0x44, 0x49, 0x4E, 0x47, 0x20,
        0x31, 0x37, 0x34, 0x0A, 0x53, 0x57, 0x49, 0x44, 0x54, 0x48, 0x20, 0x36, 0x30, 0x30, 0x20, 0x30,
        0x0A, 0x44, 0x57, 0x49, 0x44, 0x54, 0x48, 0x20, 0x31, 0x31, 0x20, 0x30, 0x0A, 0x42, 0x42, 0x58,
        0x20, 0x31, 0x32, 0x20, 0x31, 0x32, 0x20, 0x30, 0x20, 0x30, 0x0A, 0x42, 0x49, 0x54, 0x4D, 0x41,
        0x50, 0x0A, 0x30, 0x46, 0x30, 0x30, 0x0A, 0x33, 0x46, 0x43, 0x30, 0x0A, 0x37, 0x30, 0x45, 0x30,
        0x0A, 0x36, 0x46, 0x36, 0x30, 0x0A, 0x43, 0x44, 0x42, 0x30, 0x0A, 0x43, 0x44, 0x42, 0x30, 0x0A,
        0x43, 0x46, 0x33, 0x30, 0x0A, 0x43, 0x44, 0x42, 0x30, 0x0A, 0x36, 0x44, 0x45, 0x30, 0x0A, 0x37,
        0x30, 0x45, 0x30, 0x0A, 0x33, 0x46, 0x43, 0x30, 0x0A, 0x30, 0x46, 0x30, 0x30, 0x0A, 0x45, 0x4E,
        0x44, 0x43, 0x48, 0x41, 0x52, 0x0A, 0x53, 0x54, 0x41, 0x52, 0x54, 0x43, 0x48, 0x41, 0x52, 0x20,
        0x6D, 0x61, 0x63, 0x72, 0x6F, 0x6E, 0x0A, 0x45, 0x4E, 0x43, 0x4F, 0x44, 0x49, 0x4E, 0x47, 0x20,
        0x31, 0x37, 0x35, 0x0A, 0x53, 0x57, 0x49, 0x44, 0x54, 0x48, 0x20, 0x36, 0x30, 0x30, 0x20, 0x30,
        0x0A, 0x44, 0x57, 0x49, 0x44, 0x54, 0x48, 0x20, 0x31, 0x31, 0x20, 0x30, 0x0A, 0x42, 0x42, 0x58,
        0x20, 0x35, 0x20, 0x31, 0x20, 0x33, 0x20, 0x39, 0x0A, 0x42, 0x49, 0x54, 0x4D, 0x41, 0x50, 0x0A,
        0x46, 0x38, 0x0A, 0x45, 0x4E, 0x44, 0x43, 0x48, 0x41, 0x52, 0x0A, 0x53, 0x54, 0x41, 0x52, 0x54,
        0x43, 0x48, 0x41, 0x52, 0x20, 0x64, 0x65, 0x67, 0x72, 0x65, 0x65, 0x0A, 0x45, 0x4E, 0x43, 0x4F,
        0x44, 0x49, 0x4E, 0x47, 0x20, 0x31, 0x37, 0x36, 0x0A, 0x53, 0x57, 0x49, 0x44, 0x54, 0x48, 0x20,
        0x36, 0x30, 0x30, 0x20, 0x30, 0x0A, 0x44, 0x57, 0x49, 0x44, 0x54, 0x48, 0x20, 0x31, 0x31, 0x20,
        0x30, 0x0A, 0x42, 0x42, 0x58, 0x20, 0x36, 0x20, 0x35, 0x20, 0x32, 0x20, 0x37, 0x0A, 0x42, 0x49,
        0x54, 0x4D, 0x41, 0x50, 0x0A, 0x37, 0x38, 0x0A, 0x43, 0x43, 0x0A, 0x43, 0x43, 0x0A, 0x43, 0x43,
        0x0A, 0x37, 0x38, 0x0A, 0x45, 0x4E, 0x44, 0x43, 0x48, 0x41, 0x52, 0x0A, 0x53, 0x54, 0x41, 0x52,
        0x54, 0x43, 0x48, 0x41, 0x52, 0x20, 0x70, 0x6C, 0x75, 0x73, 0x6D, 0x69, 0x6E, 0x75, 0x73, 0x0A,
        0x45, 0x4E, 0x43, 0x4F, 0x44, 0x49, 0x4E, 0x47, 0x20, 0x31, 0x37, 0x37, 0x0A, 0x53, 0x57, 0x49,
        0x44, 0x54, 0x48, 0x20, 0x36, 0x30, 0x30, 0x20, 0x30, 0x0A, 0x44, 0x57, 0x49, 0x44, 0x54, 0x48,
        0x20, 0x31, 0x31, 0x20, 0x30, 0x0A, 0x42, 0x42, 0x58, 0x20, 0x31, 0x30, 0x20, 0x31, 0x30, 0x20,
        0x30, 0x20, 0x30, 0x0A, 0x42, 0x49, 0x54, 0x4D, 0x41, 0x50, 0x0A, 0x30, 0x43, 0x30, 0x30, 0x0A,
        0x30, 0x43, 0x30, 0x30, 0x0A, 0x46, 0x46, 0x43, 0x30, 0x0A, 0x46, 0x46, 0x43, 0x30, 0x0A, 0x30,
        0x43, 0x30, 0x30, 0x0A, 0x30, 0x43, 0x30, 0x30, 0x0A, 0x30, 0x43, 0x30, 0x30, 0x0A, 0x30, 0x30,
        0x30, 0x30, 0x0A, 0x46, 0x46, 0x43, 0x30, 0x0A, 0x46, 0x46, 0x43, 0x30, 0x0A, 0x45, 0x4E, 0x44,
        0x43, 0x48, 0x41, 0x52, 0x0A, 0x53, 0x54, 0x41, 0x52, 0x54, 0x43, 0x48, 0x41, 0x52, 0x20, 0x74,
        0x77, 0x6F, 0x73, 0x75, 0x70, 0x65, 0x72, 0x69, 0x6F, 0x72, 0x0A, 0x45, 0x4E, 0x43, 0x4F, 0x44,
        0x49, 0x4E, 0x47, 0x20, 0x31, 0x37, 0x38, 0x0A, 0x53, 0x57, 0x49, 0x44, 0x54, 0x48, 0x20, 0x36,
        0x30, 0x30, 0x20, 0x30, 0x0A, 0x44, 0x57, 0x49, 0x44, 0x54, 0x48, 0x20, 0x31, 0x31, 0x20, 0x30,
        0x0A, 0x42, 0x42, 0x58, 0x20, 0x36, 0x20, 0x37, 0x20, 0x32, 0x20, 0x35, 0x0A, 0x42, 0x49, 0x54,
        0x4D, 0x41, 0x50, 0x0A, 0x37, 0x38, 0x0A, 0x43, 0x43, 0x0A, 0x30, 0x43, 0x0A, 0x31, 0x38, 0x0A,
        0x33, 0x30, 0x0A, 0x36, 0x30, 0x0A, 0x46, 0x43, 0x0A, 0x45, 0x4E, 0x44, 0x43, 0x48, 0x41, 0x52,
        0x0A, 0x53, 0x54, 0x41, 0x52, 0x54, 0x43, 0x48, 0x41, 0x52, 0x20, 0x74, 0x68, 0x72, 0x65, 0x65,
        0x73, 0x75, 0x70, 0x65, 0x72, 0x69, 0x6F, 0x72, 0x0A, 0x45, 0x4E, 0x43, 0x4F, 0x44, 0x49, 0x4E,
        0x47, 0x20, 0x31, 0x37, 0x39, 0x0A, 0x53, 0x57, 0x49, 0x44, 0x54, 0x48, 0x20, 0x36, 0x30, 0x30,
        0x20, 0x30, 0x0A, 0x44, 0x57, 0x49, 0x44, 0x54, 0x48, 0x20, 0x31, 0x31, 0x20, 0x30, 0x0A, 0x42,
        0x42, 0x58, 0x20, 0x36, 0x20, 0x37, 0x20, 0x32, 0x20, 0x35, 0x0A, 0x42, 0x49, 0x54, 0x4D, 0x41,
        0x50, 0x0A, 0x37, 0x38, 0x0A, 0x43, 0x43, 0x0A, 0x30, 0x43, 0x0A, 0x33, 0x38, 0x0A, 0x30, 0x43,
        0x0A, 0x43, 0x43, 0x0A, 0x37, 0x38, 0x0A, 0x45, 0x4E, 0x44, 0x43, 0x48, 0x41, 0x52, 0x0A, 0x53,
        0x54, 0x41, 0x52, 0x54, 0x43, 0x48, 0x41, 0x52, 0x20, 0x61, 0x63, 0x75, 0x74, 0x65, 0x0A, 0x45,
        0x4E, 0x43, 0x4F, 0x44, 0x49, 0x4E, 0x47, 0x20, 0x31, 0x38, 0x30, 0x0A, 0x53, 0x57, 0x49, 0x44,
        0x54, 0x48, 0x20, 0x36, 0x30, 0x30, 0x20, 0x30, 0x0A, 0x44, 0x57, 0x49, 0x44, 0x54, 0x48, 0x20,
        0x31, 0x31, 0x20, 0x30, 0x0A, 0x42, 0x42, 0x58, 0x20, 0x34, 0x20, 0x33, 0x20, 0x34, 0x20, 0x39,
        0x0A, 0x42, 0x49, 0x54, 0x4D, 0x41, 0x50, 0x0A, 0x33, 0x30, 0x0A, 0x36, 0x30, 0x0A, 0x43, 0x30,
        0x0A, 0x45, 0x4E, 0x44, 0x43, 0x48, 0x41, 0x52, 0x0A, 0x53, 0x54, 0x41, 0x52, 0x54, 0x43, 0x48,
        0x41, 0x52, 0x20, 0x6D, 0x75, 0x0A, 0x45, 0x4E, 0x43, 0x4F, 0x44, 0x49, 0x4E, 0x47, 0x20, 0x31,
        0x38, 0x31, 0x0A, 0x53, 0x57, 0x49, 0x44, 0x54, 0x48, 0x20, 0x36, 0x30, 0x30, 0x20, 0x30, 0x0A,
        0x44, 0x57, 0x49, 0x44, 0x54, 0x48, 0x20, 0x31, 0x31, 0x20, 0x30, 0x0A, 0x42, 0x42, 0x58, 0x20,
        0x31, 0x30, 0x20, 0x31, 0x33, 0x20, 0x30, 0x20, 0x2D, 0x34, 0x0A, 0x42, 0x49, 0x54, 0x4D, 0x41,
        0x50, 0x0A, 0x45, 0x37, 0x38, 0x30, 0x0A, 0x45, 0x37, 0x38, 0x30, 0x0A, 0x36, 0x31, 0x38, 0x30,
        0x0A, 0x36, 0x31, 0x38, 0x30, 0x0A, 0x36, 0x31, 0x38, 0x30, 0x0A, 0x36, 0x31, 0x38, 0x30, 0x0A,
        0x36, 0x33, 0x38, 0x30, 0x0A, 0x37, 0x46, 0x43, 0x30, 0x0A, 0x37, 0x44, 0x43, 0x30, 0x0A, 0x36,
        0x30, 0x30, 0x30, 0x0A, 0x36, 0x30, 0x30, 0x30, 0x0A, 0x36, 0x30, 0x30, 0x30, 0x0A, 0x36, 0x30,
        0x30, 0x30, 0x0A, 0x45, 0x4E, 0x44, 0x43, 0x48, 0x41, 0x52, 0x0A, 0x53, 0x54, 0x41, 0x52, 0x54,
        0x43, 0x48, 0x41, 0x52, 0x20, 0x70, 0x61, 0x72, 0x61, 0x67, 0x72, 0x61, 0x70, 0x68, 0x0A, 0x45,
        0x4E, 0x43, 0x4F, 0x44, 0x49, 0x4E, 0x47, 0x20, 0x31, 0x38, 0x32, 0x0A, 0x53, 0x57, 0x49, 0x44,
        0x54, 0x48, 0x20, 0x36, 0x30, 0x30, 0x20, 0x30, 0x0A, 0x44, 0x57, 0x49, 0x44, 0x54, 0x48, 0x20,
        0x31, 0x31, 0x20, 0x30, 0x0A, 0x42, 0x42, 0x58, 0x20, 0x38, 0x20, 0x31, 0x33, 0x20, 0x31, 0x20,
        0x2D, 0x31, 0x0A, 0x42, 0x49, 0x54, 0x4D, 0x41, 0x50, 0x0A, 0x33, 0x46, 0x0A, 0x36, 0x41, 0x0A,
        0x43, 0x41, 0x0A, 0x43, 0x41, 0x0A, 0x43, 0x41, 0x0A, 0x36, 0x41, 0x0A, 0x33, 0x41, 0x0A, 0x30,
        0x41, 0x0A, 0x30, 0x41, 0x0A, 0x30, 0x41, 0x0A, 0x30, 0x41, 0x0A, 0x30, 0x41, 0x0A, 0x33, 0x46,
        0x0A, 0x45, 0x4E, 0x44, 0x43, 0x48, 0x41, 0x52, 0x0A, 0x53, 0x54, 0x41, 0x52, 0x54, 0x43, 0x48,
        0x41, 0x52, 0x20, 0x70, 0x65, 0x72, 0x69, 0x6F, 0x64, 0x63, 0x65, 0x6E, 0x74, 0x65, 0x72, 0x65,
        0x64, 0x0A, 0x45, 0x4E, 0x43, 0x4F, 0x44, 0x49, 0x4E, 0x47, 0x20, 0x31, 0x38, 0x33, 0x0A, 0x53,
        0x57, 0x49, 0x44, 0x54, 0x48, 0x20, 0x36, 0x30, 0x30, 0x20, 0x30, 0x0A, 0x44, 0x57, 0x49, 0x44,
        0x54, 0x48, 0x20, 0x31, 0x31, 0x20, 0x30, 0x0A, 0x42, 0x42, 0x58, 0x20, 0x32, 0x20, 0x32, 0x20,
        0x34, 0x20, 0x35, 0x0A, 0x42, 0x49, 0x54, 0x4D, 0x41, 0x50, 0x0A, 0x43, 0x30, 0x0A, 0x43, 0x30,
        0x0A, 0x45, 0x4E, 0x44, 0x43, 0x48, 0x41, 0x52, 0x0A, 0x53, 0x54, 0x41, 0x52, 0x54, 0x43, 0x48,
        0x41, 0x52, 0x20, 0x63, 0x65, 0x64, 0x69, 0x6C, 0x6C, 0x61, 0x0A, 0x45, 0x4E, 0x43, 0x4F, 0x44,
        0x49, 0x4E, 0x47, 0x20, 0x31, 0x38, 0x34, 0x0A, 0x53, 0x57, 0x49, 0x44, 0x54, 0x48, 0x20, 0x36,
        0x30, 0x30, 0x20, 0x30, 0x0A, 0x44, 0x57, 0x49, 0x44, 0x54, 0x48, 0x20, 0x31, 0x31, 0x20, 0x30,
        0x0A, 0x42, 0x42, 0x58, 0x20, 0x34, 0x20, 0x35, 0x20, 0x33, 0x20, 0x2D, 0x34, 0x0A, 0x42, 0x49,
        0x54, 0x4D, 0x41, 0x50, 0x0A, 0x36, 0x30, 0x0A, 0x36, 0x30, 0x0A, 0x33, 0x30, 0x0A, 0x46, 0x30,
        0x0A, 0x45, 0x30, 0x0A, 0x45, 0x4E, 0x44, 0x43, 0x48, 0x41, 0x52, 0x0A, 0x53, 0x54, 0x41, 0x52,
        0x54, 0x43, 0x48, 0x41, 0x52, 0x20, 0x6F, 0x6E, 0x65, 0x73, 0x75, 0x70, 0x65, 0x72, 0x69, 0x6F,
        0x72, 0x0A, 0x45, 0x4E, 0x43, 0x4F, 0x44, 0x49, 0x4E, 0x47, 0x20, 0x31, 0x38, 0x35, 0x0A, 0x53,
        0x57, 0x49, 0x44, 0x54, 0x48, 0x20, 0x36, 0x30, 0x30, 0x20, 0x30, 0x0A, 0x44, 0x57, 0x49, 0x44,
        0x54, 0x48, 0x20, 0x31, 0x31, 0x20, 0x30, 0x0A, 0x42, 0x42, 0x58, 0x20, 0x36, 0x20, 0x37, 0x20,
        0x32, 0x20, 0x35, 0x0A, 0x42, 0x49, 0x54, 0x4D, 0x41, 0x50, 0x0A, 0x33, 0x30, 0x0A, 0x46, 0x30,
        0x0A, 0x33, 0x30, 0x0A, 0x33, 0x30, 0x0A, 0x33, 0x30, 0x0A, 0x33, 0x30, 0x0A, 0x46, 0x43, 0x0A,
        0x45, 0x4E, 0x44, 0x43, 0x48, 0x41, 0x52, 0x0A, 0x53, 0x54, 0x41, 0x52, 0x54, 0x43, 0x48, 0x41,
        0x52, 0x20, 0x6F, 0x72, 0x64, 0x6D, 0x61, 0x73, 0x63, 0x75, 0x6C, 0x69, 0x6E, 0x65, 0x0A, 0x45,
        0x4E, 0x43, 0x4F, 0x44, 0x49, 0x4E, 0x47, 0x20, 0x31, 0x38, 0x36, 0x0A, 0x53, 0x57, 0x49, 0x44,
        0x54, 0x48, 0x20, 0x36, 0x30, 0x30, 0x20, 0x30, 0x0A, 0x44, 0x57, 0x49, 0x44, 0x54, 0x48, 0x20,
        0x31, 0x31, 0x20, 0x30, 0x0A, 0x42, 0x42, 0x58, 0x20, 0x36, 0x20, 0x38, 0x20, 0x32, 0x20, 0x33,
        0x0A, 0x42, 0x49, 0x54, 0x4D, 0x41, 0x50, 0x0A, 0x37, 0x38, 0x0A, 0x43, 0x43, 0x0A, 0x43, 0x43,
        0x0A, 0x43, 0x43, 0x0A, 0x43, 0x43, 0x0A, 0x37, 0x38, 0x0A, 0x30, 0x30, 0x0A, 0x46, 0x43, 0x0A,
        0x45, 0x4E, 0x44, 0x43, 0x48, 0x41, 0x52, 0x0A, 0x53, 0x54, 0x41, 0x52, 0x54, 0x43, 0x48, 0x41,
        0x52, 0x20, 0x67, 0x75, 0x69, 0x6C, 0x6C, 0x65, 0x6D, 0x6F, 0x74, 0x72, 0x69, 0x67, 0x68, 0x74,
        0x0A, 0x45, 0x4E, 0x43, 0x4F, 0x44, 0x49, 0x4E, 0x47, 0x20, 0x31, 0x38, 0x37, 0x0A, 0x53, 0x57,
        0x49, 0x44, 0x54, 0x48, 0x20, 0x36, 0x30, 0x30, 0x20, 0x30, 0x0A, 0x44, 0x57, 0x49, 0x44, 0x54,
        0x48, 0x20, 0x31, 0x31, 0x20, 0x30, 0x0A, 0x42, 0x42, 0x58, 0x20, 0x39, 0x20, 0x37, 0x20, 0x31,
        0x20, 0x31, 0x0A, 0x42, 0x49, 0x54, 0x4D, 0x41, 0x50, 0x0A, 0x43, 0x43, 0x30, 0x30, 0x0A, 0x36,
        0x36, 0x30, 0x30, 0x0A, 0x33, 0x33, 0x30, 0x30, 0x0A, 0x31, 0x39, 0x38, 0x30, 0x0A, 0x33, 0x33,
        0x30, 0x30, 0x0A, 0x36, 0x36, 0x30, 0x30, 0x0A, 0x43, 0x43, 0x30, 0x30, 0x0A, 0x45, 0x4E, 0x44,
        0x43, 0x48, 0x41, 0x52, 0x0A, 0x53, 0x54, 0x41, 0x52, 0x54, 0x43, 0x48, 0x41, 0x52, 0x20, 0x6F,
        0x6E, 0x65, 0x71, 0x75, 0x61, 0x72, 0x74, 0x65, 0x72, 0x0A, 0x45, 0x4E, 0x43, 0x4F, 0x44, 0x49,
        0x4E, 0x47, 0x20, 0x31, 0x38, 0x38, 0x0A, 0x53, 0x57, 0x49, 0x44, 0x54, 0x48, 0x20, 0x36, 0x30,
        0x30, 0x20, 0x30, 0x0A, 0x44, 0x57, 0x49, 0x44, 0x54, 0x48, 0x20, 0x31, 0x31, 0x20, 0x30, 0x0A,
        0x42, 0x42, 0x58, 0x20, 0x31, 0x31, 0x20, 0x31, 0x34, 0x20, 0x30, 0x20, 0x2D, 0x31, 0x0A, 0x42,
        0x49, 0x54, 0x4D, 0x41, 0x50, 0x0A, 0x33, 0x30, 0x30, 0x30, 0x0A, 0x46, 0x30, 0x30, 0x30, 0x0A,
        0x33, 0x30, 0x32, 0x30, 0x0A, 0x33, 0x30, 0x36, 0x30, 0x0A, 0x33, 0x30, 0x43, 0x30, 0x0A, 0x33,
        0x31, 0x38, 0x30, 0x0A, 0x46, 0x42, 0x30, 0x30, 0x0A, 0x30, 0x36, 0x34, 0x30, 0x0A, 0x30, 0x43,
        0x43, 0x30, 0x0A, 0x31, 0x39, 0x43, 0x30, 0x0A, 0x33, 0x32, 0x43, 0x30, 0x0A, 0x36, 0x34, 0x43,
        0x30, 0x0A, 0x34, 0x37, 0x45, 0x30, 0x0A, 0x30, 0x30, 0x43, 0x30, 0x0A, 0x45, 0x4E, 0x44, 0x43,
        0x48, 0x41, 0x52, 0x0A, 0x53, 0x54, 0x41, 0x52, 0x54, 0x43, 0x48, 0x41, 0x52, 0x20, 0x6F, 0x6E,
        0x65, 0x68, 0x61, 0x6C, 0x66, 0x0A, 0x45, 0x4E, 0x43, 0x4F, 0x44, 0x49, 0x4E, 0x47, 0x20, 0x31,
        0x38, 0x39, 0x0A, 0x53, 0x57, 0x49, 0x44, 0x54, 0x48, 0x20, 0x36, 0x30, 0x30, 0x20, 0x30, 0x0A,
        0x44, 0x57, 0x49, 0x44, 0x54, 0x48, 0x20, 0x31, 0x31, 0x20, 0x30, 0x0A, 0x42, 0x42, 0x58, 0x20,
        0x31, 0x31, 0x20, 0x31, 0x34, 0x20, 0x30, 0x20, 0x2D, 0x31, 0x0A, 0x42, 0x49, 0x54, 0x4D, 0x41,
        0x50, 0x0A, 0x33, 0x30, 0x30, 0x30, 0x0A, 0x46, 0x30, 0x30, 0x30, 0x0A, 0x33, 0x30, 0x32, 0x30,
        0x0A, 0x33, 0x30, 0x36, 0x30, 0x0A, 0x33, 0x30, 0x43, 0x30, 0x0A, 0x33, 0x31, 0x38, 0x30, 0x0A,
        0x46, 0x46, 0x30, 0x30, 0x0A, 0x30, 0x37, 0x43, 0x30, 0x0A, 0x30, 0x45, 0x36, 0x30, 0x0A, 0x31,
        0x38, 0x36, 0x30, 0x0A, 0x33, 0x30, 0x43, 0x30, 0x0A, 0x36, 0x31, 0x38, 0x30, 0x0A, 0x34, 0x33,
        0x32, 0x30, 0x0A, 0x30, 0x37, 0x45, 0x30, 0x0A, 0x45, 0x4E, 0x44, 0x43, 0x48, 0x41, 0x52, 0x0A,
        0x53, 0x54, 0x41, 0x52, 0x54, 0x43, 0x48, 0x41, 0x52, 0x20, 0x74, 0x68, 0x72, 0x65, 0x65, 0x71,
        0x75, 0x61, 0x72, 0x74, 0x65, 0x72, 0x73, 0x0A, 0x45, 0x4E, 0x43, 0x4F, 0x44, 0x49, 0x4E, 0x47,
        0x20, 0x31, 0x39, 0x30, 0x0A, 0x53, 0x57, 0x49, 0x44, 0x54, 0x48, 0x20, 0x36, 0x30, 0x30, 0x20,
        0x30, 0x0A, 0x44, 0x57, 0x49, 0x44, 0x54, 0x48, 0x20, 0x31, 0x31, 0x20, 0x30, 0x0A, 0x42, 0x42,
        0x58, 0x20, 0x31, 0x31, 0x20, 0x31, 0x34, 0x20, 0x30, 0x20, 0x2D, 0x31, 0x0A, 0x42, 0x49, 0x54,
        0x4D, 0x41, 0x50, 0x0A, 0x37, 0x38, 0x30, 0x30, 0x0A, 0x43, 0x43, 0x30, 0x30, 0x0A, 0x30, 0x43,
        0x32, 0x30, 0x0A, 0x33, 0x38, 0x36, 0x30, 0x0A, 0x30, 0x43, 0x43, 0x30, 0x0A, 0x43, 0x44, 0x38,
        0x30, 0x0A, 0x37, 0x42, 0x30, 0x30, 0x0A, 0x30, 0x36, 0x34, 0x30, 0x0A, 0x30, 0x43, 0x43, 0x30,
        0x0A, 0x31, 0x39, 0x43, 0x30, 0x0A, 0x33, 0x32, 0x43, 0x30, 0x0A, 0x36, 0x34, 0x43, 0x30, 0x0A,
        0x34, 0x37, 0x45, 0x30, 0x0A, 0x30, 0x30, 0x43, 0x30, 0x0A, 0x45, 0x4E, 0x44, 0x43, 0x48, 0x41,
        0x52, 0x0A, 0x53, 0x54, 0x41, 0x52, 0x54, 0x43, 0x48, 0x41, 0x52, 0x20, 0x71, 0x75, 0x65, 0x73,
        0x74, 0x69, 0x6F, 0x6E, 0x64, 0x6F, 0x77, 0x6E, 0x0A, 0x45, 0x4E, 0x43, 0x4F, 0x44, 0x49, 0x4E,
        0x47, 0x20, 0x31, 0x39, 0x31, 0x0A, 0x53, 0x57, 0x49, 0x44, 0x54, 0x48, 0x20, 0x36, 0x30, 0x30,
        0x20, 0x30, 0x0A, 0x44, 0x57, 0x49, 0x44, 0x54, 0x48, 0x20, 0x31, 0x31, 0x20, 0x30, 0x0A, 0x42,
        0x42, 0x58, 0x20, 0x37, 0x20, 0x31, 0x32, 0x20, 0x32, 0x20, 0x2D, 0x34, 0x0A, 0x42, 0x49, 0x54,
        0x4D, 0x41, 0x50, 0x0A, 0x31, 0x38, 0x0A, 0x31, 0x38, 0x0A, 0x30, 0x30, 0x0A, 0x31, 0x38, 0x0A,
        0x31, 0x38, 0x0A, 0x31, 0x38, 0x0A, 0x37, 0x38, 0x0A, 0x45, 0x30, 0x0A, 0x43, 0x30, 0x0A, 0x43,
        0x36, 0x0A, 0x46, 0x45, 0x0A, 0x37, 0x43, 0x0A, 0x45, 0x4E, 0x44, 0x43, 0x48, 0x41, 0x52, 0x0A,
        0x53, 0x54, 0x41, 0x52, 0x54, 0x43, 0x48, 0x41, 0x52, 0x20, 0x41, 0x67, 0x72, 0x61, 0x76, 0x65,
        0x0A, 0x45, 0x4E, 0x43, 0x4F, 0x44, 0x49, 0x4E, 0x47, 0x20, 0x31, 0x39, 0x32, 0x0A, 0x53, 0x57,
        0x49, 0x44, 0x54, 0x48, 0x20, 0x36, 0x30, 0x30, 0x20, 0x30, 0x0A, 0x44, 0x57, 0x49, 0x44, 0x54,
        0x48, 0x20, 0x31, 0x31, 0x20, 0x30, 0x0A, 0x42, 0x42, 0x58, 0x20, 0x31, 0x32, 0x20, 0x31, 0x35,
        0x20, 0x2D, 0x31, 0x20, 0x30, 0x0A, 0x42, 0x49, 0x54, 0x4D, 0x41, 0x50, 0x0A, 0x31, 0x38, 0x30,
        0x30, 0x0A, 0x30, 0x43, 0x30, 0x30, 0x0A, 0x30, 0x36, 0x30, 0x30, 0x0A, 0x30, 0x30, 0x30, 0x30,
        0x0A, 0x33, 0x45, 0x30, 0x30, 0x0A, 0x33, 0x46, 0x30, 0x30, 0x0A, 0x30, 0x46, 0x30, 0x30, 0x0A,
        0x30, 0x46, 0x30, 0x30, 0x0A, 0x31, 0x39, 0x38, 0x30, 0x0A, 0x31, 0x39, 0x38, 0x30, 0x0A, 0x33,
        0x46, 0x43, 0x30, 0x0A, 0x33, 0x46, 0x43, 0x30, 0x0A, 0x33, 0x30, 0x43, 0x30, 0x0A, 0x46, 0x39,
        0x46, 0x30, 0x0A, 0x46, 0x39, 0x46, 0x30, 0x0A, 0x45, 0x4E, 0x44, 0x43, 0x48, 0x41, 0x52, 0x0A,
        0x53, 0x54, 0x41, 0x52, 0x54, 0x43, 0x48, 0x41, 0x52, 0x20, 0x41, 0x61, 0x63, 0x75, 0x74, 0x65,
        0x0A, 0x45, 0x4E, 0x43, 0x4F, 0x44, 0x49, 0x4E, 0x47, 0x20, 0x31, 0x39, 0x33, 0x0A, 0x53, 0x57,
        0x49, 0x44, 0x54, 0x48, 0x20, 0x36, 0x30, 0x30, 0x20, 0x30, 0x0A, 0x44, 0x57, 0x49, 0x44, 0x54,
        0x48, 0x20, 0x31, 0x31, 0x20, 0x30, 0x0A, 0x42, 0x42, 0x58, 0x20, 0x31, 0x32, 0x20, 0x31, 0x35,
        0x20, 0x2D, 0x31, 0x20, 0x30, 0x0A, 0x42, 0x49, 0x54, 0x4D, 0x41, 0x50, 0x0A, 0x30, 0x31, 0x38,
        0x30, 0x0A, 0x30, 0x33, 0x30, 0x30, 0x0A, 0x30, 0x36, 0x30, 0x30, 0x0A, 0x30, 0x30, 0x30, 0x30,
        0x0A, 0x33, 0x45, 0x30, 0x30, 0x0A, 0x33, 0x46, 0x30, 0x30, 0x0A, 0x30, 0x46, 0x30, 0x30, 0x0A,
        0x30, 0x46, 0x30, 0x30, 0x0A, 0x31, 0x39, 0x38, 0x30, 0x0A, 0x31, 0x39, 0x38, 0x30, 0x0A, 0x33,
        0x46, 0x43, 0x30, 0x0A, 0x33, 0x46, 0x43, 0x30, 0x0A, 0x33, 0x30, 0x43, 0x30, 0x0A, 0x46, 0x39,
        0x46, 0x30, 0x0A, 0x46, 0x39, 0x46, 0x30, 0x0A, 0x45, 0x4E, 0x44, 0x43, 0x48, 0x41, 0x52, 0x0A,
        0x53, 0x54, 0x41, 0x52, 0x54, 0x43, 0x48, 0x41, 0x52, 0x20, 0x41, 0x63, 0x69, 0x72, 0x63, 0x75,
        0x6D, 0x66, 0x6C, 0x65, 0x78, 0x0A, 0x45, 0x4E, 0x43, 0x4F, 0x44, 0x49, 0x4E, 0x47, 0x20, 0x31,
        0x39, 0x34, 0x0A, 0x53, 0x57, 0x49, 0x44, 0x54, 0x48, 0x20, 0x36, 0x30, 0x30, 0x20, 0x30, 0x0A,
        0x44, 0x57, 0x49, 0x44, 0x54, 0x48, 0x20, 0x31, 0x31, 0x20, 0x30, 0x0A, 0x42, 0x42, 0x58, 0x20,
        0x31, 0x32, 0x20, 0x31, 0x35, 0x20, 0x2D, 0x31, 0x20, 0x30, 0x0A, 0x42, 0x49, 0x54, 0x4D, 0x41,
        0x50, 0x0A, 0x30, 0x36, 0x30, 0x30, 0x0A, 0x30, 0x46, 0x30, 0x30, 0x0A, 0x31, 0x39, 0x38, 0x30,
        0x0A, 0x30, 0x30, 0x30, 0x30, 0x0A, 0x33, 0x45, 0x30, 0x30, 0x0A, 0x33, 0x46, 0x30, 0x30, 0x0A,
        0x30, 0x46, 0x30, 0x30, 0x0A, 0x30, 0x46, 0x30, 0x30, 0x0A, 0x31, 0x39, 0x38, 0x30, 0x0A, 0x31,
        0x39, 0x38, 0x30, 0x0A, 0x33, 0x46, 0x43, 0x30, 0x0A, 0x33, 0x46, 0x43, 0x30, 0x0A, 0x33, 0x30,
        0x43, 0x30, 0x0A, 0x46, 0x39, 0x46, 0x30, 0x0A, 0x46, 0x39, 0x46, 0x30, 0x0A, 0x45, 0x4E, 0x44,
        0x43, 0x48, 0x41, 0x52, 0x0A, 0x53, 0x54, 0x41, 0x52, 0x54, 0x43, 0x48, 0x41, 0x52, 0x20, 0x41,
        0x74, 0x69, 0x6C, 0x64, 0x65, 0x0A, 0x45, 0x4E, 0x43, 0x4F, 0x44, 0x49, 0x4E, 0x47, 0x20, 0x31,
        0x39, 0x35, 0x0A, 0x53, 0x57, 0x49, 0x44, 0x54, 0x48, 0x20, 0x36, 0x30, 0x30, 0x20, 0x30, 0x0A,
        0x44, 0x57, 0x49, 0x44, 0x54, 0x48, 0x20, 0x31, 0x31, 0x20, 0x30, 0x0A, 0x42, 0x42, 0x58, 0x20,
        0x31, 0x32, 0x20, 0x31, 0x34, 0x20, 0x2D, 0x31, 0x20, 0x30, 0x0A, 0x42, 0x49, 0x54, 0x4D, 0x41,
        0x50, 0x0A, 0x31, 0x44, 0x38, 0x30, 0x0A, 0x33, 0x37, 0x30, 0x30, 0x0A, 0x30, 0x30, 0x30, 0x30,
        0x0A, 0x33, 0x45, 0x30, 0x30, 0x0A, 0x33, 0x46, 0x30, 0x30, 0x0A, 0x30, 0x46, 0x30, 0x30, 0x0A,
        0x30, 0x46, 0x30, 0x30, 0x0A, 0x31, 0x39, 0x38, 0x30, 0x0A, 0x31, 0x39, 0x38, 0x30, 0x0A, 0x33,
        0x46, 0x43, 0x30, 0x0A, 0x33, 0x46, 0x43, 0x30, 0x0A, 0x33, 0x30, 0x43, 0x30, 0x0A, 0x46, 0x39,
        0x46, 0x30, 0x0A, 0x46, 0x39, 0x46, 0x30, 0x0A, 0x45, 0x4E, 0x44, 0x43, 0x48, 0x41, 0x52, 0x0A,
        0x53, 0x54, 0x41, 0x52, 0x54, 0x43, 0x48, 0x41, 0x52, 0x20, 0x41, 0x64, 0x69, 0x65, 0x72, 0x65,
        0x73, 0x69, 0x73, 0x0A, 0x45, 0x4E, 0x43, 0x4F, 0x44, 0x49, 0x4E, 0x47, 0x20, 0x31, 0x39, 0x36,
        0x0A, 0x53, 0x57, 0x49, 0x44, 0x54, 0x48, 0x20, 0x36, 0x30, 0x30, 0x20, 0x30, 0x0A, 0x44, 0x57,
        0x49, 0x44, 0x54, 0x48, 0x20, 0x31, 0x31, 0x20, 0x30, 0x0A, 0x42, 0x42, 0x58, 0x20, 0x31, 0x32,
        0x20, 0x31, 0x34, 0x20, 0x2D, 0x31, 0x20, 0x30, 0x0A, 0x42, 0x49, 0x54, 0x4D, 0x41, 0x50, 0x0A,
        0x31, 0x39, 0x38, 0x30, 0x0A, 0x31, 0x39, 0x38, 0x30, 0x0A, 0x30, 0x30, 0x30, 0x30, 0x0A, 0x33,
        0x45, 0x30, 0x30, 0x0A, 0x33, 0x46, 0x30, 0x30, 0x0A, 0x30, 0x46, 0x30, 0x30, 0x0A, 0x30, 0x46,
        0x30, 0x30, 0x0A, 0x31, 0x39, 0x38, 0x30, 0x0A, 0x31, 0x39, 0x38, 0x30, 0x0A, 0x33, 0x46, 0x43,
        0x30, 0x0A, 0x33, 0x46, 0x43, 0x30, 0x0A, 0x33, 0x30, 0x43, 0x30, 0x0A, 0x46, 0x39, 0x46, 0x30,
        0x0A, 0x46, 0x39, 0x46, 0x30, 0x0A, 0x45, 0x4E, 0x44, 0x43, 0x48, 0x41, 0x52, 0x0A, 0x53, 0x54,
        0x41, 0x52, 0x54, 0x43, 0x48, 0x41, 0x52, 0x20, 0x41, 0x72, 0x69, 0x6E, 0x67, 0x0A, 0x45, 0x4E,
        0x43, 0x4F, 0x44, 0x49, 0x4E, 0x47, 0x20, 0x31, 0x39, 0x37, 0x0A, 0x53, 0x57, 0x49, 0x44, 0x54,
        0x48, 0x20, 0x36, 0x30, 0x30, 0x20, 0x30, 0x0A, 0x44, 0x57, 0x49, 0x44, 0x54, 0x48, 0x20, 0x31,
        0x31, 0x20, 0x30, 0x0A, 0x42, 0x42, 0x58, 0x20, 0x31, 0x32, 0x20, 0x31, 0x35, 0x20, 0x2D, 0x31,
        0x20, 0x30, 0x0A, 0x42, 0x49, 0x54, 0x4D, 0x41, 0x50, 0x0A, 0x30, 0x36, 0x30, 0x30, 0x0A, 0x30,
        0x39, 0x30, 0x30, 0x0A, 0x30, 0x39, 0x30, 0x30, 0x0A, 0x30, 0x36, 0x30, 0x30, 0x0A, 0x33, 0x45,
        0x30, 0x30, 0x0A, 0x33, 0x46, 0x30, 0x30, 0x0A, 0x30, 0x46, 0x30, 0x30, 0x0A, 0x30, 0x46, 0x30,
        0x30, 0x0A, 0x31, 0x39, 0x38, 0x30, 0x0A, 0x31, 0x39, 0x38, 0x30, 0x0A, 0x33, 0x46, 0x43, 0x30,
        0x0A, 0x33, 0x46, 0x43, 0x30, 0x0A, 0x33, 0x30, 0x43, 0x30, 0x0A, 0x46, 0x39, 0x46, 0x30, 0x0A,
        0x46, 0x39, 0x46, 0x30, 0x0A, 0x45, 0x4E, 0x44, 0x43, 0x48, 0x41, 0x52, 0x0A, 0x53, 0x54, 0x41,
        0x52, 0x54, 0x43, 0x48, 0x41, 0x52, 0x20, 0x41, 0x45, 0x0A, 0x45, 0x4E, 0x43, 0x4F, 0x44, 0x49,
        0x4E, 0x47, 0x20, 0x31, 0x39, 0x38, 0x0A, 0x53, 0x57, 0x49, 0x44, 0x54, 0x48, 0x20, 0x36, 0x30,
        0x30, 0x20, 0x30, 0x0A, 0x44, 0x57, 0x49, 0x44, 0x54, 0x48, 0x20, 0x31, 0x31, 0x20, 0x30, 0x0A,
        0x42, 0x42, 0x58, 0x20, 0x31, 0x31, 0x20, 0x31, 0x31, 0x20, 0x30, 0x20, 0x30, 0x0A, 0x42, 0x49,
        0x54, 0x4D, 0x41, 0x50, 0x0A, 0x33, 0x46, 0x45, 0x30, 0x0A, 0x33, 0x46, 0x45, 0x30, 0x0A, 0x31,
        0x45, 0x36, 0x30, 0x0A, 0x31, 0x36, 0x30, 0x30, 0x0A, 0x33, 0x37, 0x43, 0x30, 0x0A, 0x33, 0x37,
        0x43, 0x30, 0x0A, 0x33, 0x45, 0x30, 0x30, 0x0A, 0x37, 0x45, 0x30, 0x30, 0x0A, 0x36, 0x36, 0x36,
        0x30, 0x0A, 0x45, 0x46, 0x45, 0x30, 0x0A, 0x45, 0x46, 0x45, 0x30, 0x0A, 0x45, 0x4E, 0x44, 0x43,
        0x48, 0x41, 0x52, 0x0A, 0x53, 0x54, 0x41, 0x52, 0x54, 0x43, 0x48, 0x41, 0x52, 0x20, 0x43, 0x63,
        0x65, 0x64, 0x69, 0x6C, 0x6C, 0x61, 0x0A, 0x45, 0x4E, 0x43, 0x4F, 0x44, 0x49, 0x4E, 0x47, 0x20,
        0x31, 0x39, 0x39, 0x0A, 0x53, 0x57, 0x49, 0x44, 0x54, 0x48, 0x20, 0x36, 0x30, 0x30, 0x20, 0x30,
        0x0A, 0x44, 0x57, 0x49, 0x44, 0x54, 0x48, 0x20, 0x31, 0x31, 0x20, 0x30, 0x0A, 0x42, 0x42, 0x58,
        0x20, 0x31, 0x30, 0x20, 0x31, 0x36, 0x20, 0x30, 0x20, 0x2D, 0x35, 0x0A, 0x42, 0x49, 0x54, 0x4D,
        0x41, 0x50, 0x0A, 0x31, 0x45, 0x43, 0x30, 0x0A, 0x37, 0x46, 0x43, 0x30, 0x0A, 0x36, 0x31, 0x43,
        0x30, 0x0A, 0x43, 0x30, 0x43, 0x30, 0x0A, 0x43, 0x30, 0x30, 0x30, 0x0A, 0x43, 0x30, 0x30, 0x30,
        0x0A, 0x43, 0x30, 0x30, 0x30, 0x0A, 0x43, 0x30, 0x30, 0x30, 0x0A, 0x36, 0x30, 0x43, 0x30, 0x0A,
        0x37, 0x46, 0x43, 0x30, 0x0A, 0x31, 0x46, 0x30, 0x30, 0x0A, 0x30, 0x43, 0x30, 0x30, 0x0A, 0x30,
        0x45, 0x30, 0x30, 0x0A, 0x30, 0x32, 0x30, 0x30, 0x0A, 0x31, 0x45, 0x30, 0x30, 0x0A, 0x31, 0x43,
        0x30, 0x30, 0x0A, 0x45, 0x4E, 0x44, 0x43, 0x48, 0x41, 0x52, 0x0A, 0x53, 0x54, 0x41, 0x52, 0x54,
        0x43, 0x48, 0x41, 0x52, 0x20, 0x45, 0x67, 0x72, 0x61, 0x76, 0x65, 0x0A, 0x45, 0x4E, 0x43, 0x4F,
        0x44, 0x49, 0x4E, 0x47, 0x20, 0x32, 0x30, 0x30, 0x0A, 0x53, 0x57, 0x49, 0x44, 0x54, 0x48, 0x20,
        0x36, 0x30, 0x30, 0x20, 0x30, 0x0A, 0x44, 0x57, 0x49, 0x44, 0x54, 0x48, 0x20, 0x31, 0x31, 0x20,
        0x30, 0x0A, 0x42, 0x42, 0x58, 0x20, 0x31, 0x30, 0x20, 0x31, 0x35, 0x20, 0x30, 0x20, 0x30, 0x0A,
        0x42, 0x49, 0x54, 0x4D, 0x41, 0x50, 0x0A, 0x31, 0x38, 0x30, 0x30, 0x0A, 0x30, 0x43, 0x30, 0x30,
        0x0A, 0x30, 0x36, 0x30, 0x30, 0x0A, 0x30, 0x30, 0x30, 0x30, 0x0A, 0x46, 0x46, 0x43, 0x30, 0x0A,
        0x46, 0x46, 0x43, 0x30, 0x0A, 0x33, 0x30, 0x43, 0x30, 0x0A, 0x33, 0x36, 0x43, 0x30, 0x0A, 0x33,
        0x45, 0x30, 0x30, 0x0A, 0x33, 0x45, 0x30, 0x30, 0x0A, 0x33, 0x36, 0x30, 0x30, 0x0A, 0x33, 0x30,
        0x43, 0x30, 0x0A, 0x33, 0x30, 0x43, 0x30, 0x0A, 0x46, 0x46, 0x43, 0x30, 0x0A, 0x46, 0x46, 0x43,
        0x30, 0x0A, 0x45, 0x4E, 0x44, 0x43, 0x48, 0x41, 0x52, 0x0A, 0x53, 0x54, 0x41, 0x52, 0x54, 0x43,
        0x48, 0x41, 0x52, 0x20, 0x45, 0x61, 0x63, 0x75, 0x74, 0x65, 0x0A, 0x45, 0x4E, 0x43, 0x4F, 0x44,
        0x49, 0x4E, 0x47, 0x20, 0x32, 0x30, 0x31, 0x0A, 0x53, 0x57, 0x49, 0x44, 0x54, 0x48, 0x20, 0x36,
        0x30, 0x30, 0x20, 0x30, 0x0A, 0x44, 0x57, 0x49, 0x44, 0x54, 0x48, 0x20, 0x31, 0x31, 0x20, 0x30,
        0x0A, 0x42, 0x42, 0x58, 0x20, 0x31, 0x30, 0x20, 0x31, 0x35, 0x20, 0x30, 0x20, 0x30, 0x0A, 0x42,
        0x49, 0x54, 0x4D, 0x41, 0x50, 0x0A, 0x30, 0x36, 0x30, 0x30, 0x0A, 0x30, 0x43, 0x30, 0x30, 0x0A,
        0x31, 0x38, 0x30, 0x30, 0x0A, 0x30, 0x30, 0x30, 0x30, 0x0A, 0x46, 0x46, 0x43, 0x30, 0x0A, 0x46,
        0x46, 0x43, 0x30, 0x0A, 0x33, 0x30, 0x43, 0x30, 0x0A, 0x33, 0x36, 0x43, 0x30, 0x0A, 0x33, 0x45,
        0x30, 0x30, 0x0A, 0x33, 0x45, 0x30, 0x30, 0x0A, 0x33, 0x36, 0x30, 0x30, 0x0A, 0x33, 0x30, 0x43,
        0x30, 0x0A, 0x33, 0x30, 0x43, 0x30, 0x0A, 0x46, 0x46, 0x43, 0x30, 0x0A, 0x46, 0x46, 0x43, 0x30,
        0x0A, 0x45, 0x4E, 0x44, 0x43, 0x48, 0x41, 0x52, 0x0A, 0x53, 0x54, 0x41, 0x52, 0x54, 0x43, 0x48,
        0x41, 0x52, 0x20, 0x45, 0x63, 0x69, 0x72, 0x63, 0x75, 0x6D, 0x66, 0x6C, 0x65, 0x78, 0x0A, 0x45,
        0x4E, 0x43, 0x4F, 0x44, 0x49, 0x4E, 0x47, 0x20, 0x32, 0x30, 0x32, 0x0A, 0x53, 0x57, 0x49, 0x44,
        0x54, 0x48, 0x20, 0x36, 0x30, 0x30, 0x20, 0x30, 0x0A, 0x44, 0x57, 0x49, 0x44, 0x54, 0x48, 0x20,
        0x31, 0x31, 0x20, 0x30, 0x0A, 0x42, 0x42, 0x58, 0x20, 0x31, 0x30, 0x20, 0x31, 0x35, 0x20, 0x30,
        0x20, 0x30, 0x0A, 0x42, 0x49, 0x54, 0x4D, 0x41, 0x50, 0x0A, 0x30, 0x43, 0x30, 0x30, 0x0A, 0x31,
        0x45, 0x30, 0x30, 0x0A, 0x33, 0x33, 0x30, 0x30, 0x0A, 0x30, 0x30, 0x30, 0x30, 0x0A, 0x46, 0x46,
        0x43, 0x30, 0x0A, 0x46, 0x46, 0x43, 0x30, 0x0A, 0x33, 0x30, 0x43, 0x30, 0x0A, 0x33, 0x36, 0x43,
        0x30, 0x0A, 0x33, 0x45, 0x30, 0x30, 0x0A, 0x33, 0x45, 0x30, 0x30, 0x0A, 0x33, 0x36, 0x30, 0x30,
        0x0A, 0x33, 0x30, 0x43, 0x30, 0x0A, 0x33, 0x30, 0x43, 0x30, 0x0A, 0x46, 0x46, 0x43, 0x30, 0x0A,
        0x46, 0x46, 0x43, 0x30, 0x0A, 0x45, 0x4E, 0x44, 0x43, 0x48, 0x41, 0x52, 0x0A, 0x53, 0x54, 0x41,
        0x52, 0x54, 0x43, 0x48, 0x41, 0x52, 0x20, 0x45, 0x64, 0x69, 0x65, 0x72, 0x65, 0x73, 0x69, 0x73,
        0x0A, 0x45, 0x4E, 0x43, 0x4F, 0x44, 0x49, 0x4E, 0x47, 0x20, 0x32, 0x30, 0x33, 0x0A, 0x53, 0x57,
        0x49, 0x44, 0x54, 0x48, 0x20, 0x36, 0x30, 0x30, 0x20, 0x30, 0x0A, 0x44, 0x57, 0x49, 0x44, 0x54,
        0x48, 0x20, 0x31, 0x31, 0x20, 0x30, 0x0A, 0x42, 0x42, 0x58, 0x20, 0x31, 0x30, 0x20, 0x31, 0x34,
        0x20, 0x30, 0x20, 0x30, 0x0A, 0x42, 0x49, 0x54, 0x4D, 0x41, 0x50, 0x0A, 0x33, 0x33, 0x30, 0x30,
        0x0A, 0x33, 0x33, 0x30, 0x30, 0x0A, 0x30, 0x30, 0x30, 0x30, 0x0A, 0x46, 0x46, 0x43, 0x30, 0x0A,
        0x46, 0x46, 0x43, 0x30, 0x0A, 0x33, 0x30, 0x43, 0x30, 0x0A, 0x33, 0x36, 0x43, 0x30, 0x0A, 0x33,
        0x45, 0x30, 0x30, 0x0A, 0x33, 0x45, 0x30, 0x30, 0x0A, 0x33, 0x36, 0x30, 0x30, 0x0A, 0x33, 0x30,
        0x43, 0x30, 0x0A, 0x33, 0x30, 0x43, 0x30, 0x0A, 0x46, 0x46, 0x43, 0x30, 0x0A, 0x46, 0x46, 0x43,
        0x30, 0x0A, 0x45, 0x4E, 0x44, 0x43, 0x48, 0x41, 0x52, 0x0A, 0x53, 0x54, 0x41, 0x52, 0x54, 0x43,
        0x48, 0x41, 0x52, 0x20, 0x49, 0x67, 0x72, 0x61, 0x76, 0x65, 0x0A, 0x45, 0x4E, 0x43, 0x4F, 0x44,
        0x49, 0x4E, 0x47, 0x20, 0x32, 0x30, 0x34, 0x0A, 0x53, 0x57, 0x49, 0x44, 0x54, 0x48, 0x20, 0x36,
        0x30, 0x30, 0x20, 0x30, 0x0A, 0x44, 0x57, 0x49, 0x44, 0x54, 0x48, 0x20, 0x31, 0x31, 0x20, 0x30,
        0x0A, 0x42, 0x42, 0x58, 0x20, 0x38, 0x20, 0x31, 0x35, 0x20, 0x31, 0x20, 0x30, 0x0A, 0x42, 0x49,
        0x54, 0x4D, 0x41, 0x50, 0x0A, 0x33, 0x30, 0x0A, 0x31, 0x38, 0x0A, 0x30, 0x43, 0x0A, 0x30, 0x30,
        0x0A, 0x46, 0x46, 0x0A, 0x46, 0x46, 0x0A, 0x31, 0x38, 0x0A, 0x31, 0x38, 0x0A, 0x31, 0x38, 0x0A,
        0x31, 0x38, 0x0A, 0x31, 0x38, 0x0A, 0x31, 0x38, 0x0A, 0x31, 0x38, 0x0A, 0x46, 0x46, 0x0A, 0x46,
        0x46, 0x0A, 0x45, 0x4E, 0x44, 0x43, 0x48, 0x41, 0x52, 0x0A, 0x53, 0x54, 0x41, 0x52, 0x54, 0x43,
        0x48, 0x41, 0x52, 0x20, 0x49, 0x61, 0x63, 0x75, 0x74, 0x65, 0x0A, 0x45, 0x4E, 0x43, 0x4F, 0x44,
        0x49, 0x4E, 0x47, 0x20, 0x32, 0x30, 0x35, 0x0A, 0x53, 0x57, 0x49, 0x44, 0x54, 0x48, 0x20, 0x36,
        0x30, 0x30, 0x20, 0x30, 0x0A, 0x44, 0x57, 0x49, 0x44, 0x54, 0x48, 0x20, 0x31, 0x31, 0x20, 0x30,
        0x0A, 0x42, 0x42, 0x58, 0x20, 0x38, 0x20, 0x31, 0x35, 0x20, 0x31, 0x20, 0x30, 0x0A, 0x42, 0x49,
        0x54, 0x4D, 0x41, 0x50, 0x0A, 0x30, 0x43, 0x0A, 0x31, 0x38, 0x0A, 0x33, 0x30, 0x0A, 0x30, 0x30,
        0x0A, 0x46, 0x46, 0x0A, 0x46, 0x46, 0x0A, 0x31, 0x38, 0x0A, 0x31, 0x38, 0x0A, 0x31, 0x38, 0x0A,
        0x31, 0x38, 0x0A, 0x31, 0x38, 0x0A, 0x31, 0x38, 0x0A, 0x31, 0x38, 0x0A, 0x46, 0x46, 0x0A, 0x46,
        0x46, 0x0A, 0x45, 0x4E, 0x44, 0x43, 0x48, 0x41, 0x52, 0x0A, 0x53, 0x54, 0x41, 0x52, 0x54, 0x43,
        0x48, 0x41, 0x52, 0x20, 0x49, 0x63, 0x69, 0x72, 0x63, 0x75, 0x6D, 0x66, 0x6C, 0x65, 0x78, 0x0A,
        0x45, 0x4E, 0x43, 0x4F, 0x44, 0x49, 0x4E, 0x47, 0x20, 0x32, 0x30, 0x36, 0x0A, 0x53, 0x57, 0x49,
        0x44, 0x54, 0x48, 0x20, 0x36, 0x30, 0x30, 0x20, 0x30, 0x0A, 0x44, 0x57, 0x49, 0x44, 0x54, 0x48,
        0x20, 0x31, 0x31, 0x20, 0x30, 0x0A, 0x42, 0x42, 0x58, 0x20, 0x38, 0x20, 0x31, 0x35, 0x20, 0x31,
        0x20, 0x30, 0x0A, 0x42, 0x49, 0x54, 0x4D, 0x41, 0x50, 0x0A, 0x31, 0x38, 0x0A, 0x33, 0x43, 0x0A,
        0x36, 0x36, 0x0A, 0x30, 0x30, 0x0A, 0x46, 0x46, 0x0A, 0x46, 0x46, 0x0A, 0x31, 0x38, 0x0A, 0x31,
        0x38, 0x0A, 0x31, 0x38, 0x0A, 0x31, 0x38, 0x0A, 0x31, 0x38, 0x0A, 0x31, 0x38, 0x0A, 0x31, 0x38,
        0x0A, 0x46, 0x46, 0x0A, 0x46, 0x46, 0x0A, 0x45, 0x4E, 0x44, 0x43, 0x48, 0x41, 0x52, 0x0A, 0x53,
        0x54, 0x41, 0x52, 0x54, 0x43, 0x48, 0x41, 0x52, 0x20, 0x49, 0x64, 0x69, 0x65, 0x72, 0x65, 0x73,
        0x69, 0x73, 0x0A, 0x45, 0x4E, 0x43, 0x4F, 0x44, 0x49, 0x4E, 0x47, 0x20, 0x32, 0x30, 0x37, 0x0A,
        0x53, 0x57, 0x49, 0x44, 0x54, 0x48, 0x20, 0x36, 0x30, 0x30, 0x20, 0x30, 0x0A, 0x44, 0x57, 0x49,
        0x44, 0x54, 0x48, 0x20, 0x31, 0x31, 0x20, 0x30, 0x0A, 0x42, 0x42, 0x58, 0x20, 0x38, 0x20, 0x31,
        0x35, 0x20, 0x31, 0x20, 0x30, 0x0A, 0x42, 0x49, 0x54, 0x4D, 0x41, 0x50, 0x0A, 0x36, 0x36, 0x0A,
        0x36, 0x36, 0x0A, 0x30, 0x30, 0x0A, 0x30, 0x30, 0x0A, 0x46, 0x46, 0x0A, 0x46, 0x46, 0x0A, 0x31,
        0x38, 0x0A, 0x31, 0x38, 0x0A, 0x31, 0x38, 0x0A, 0x31, 0x38, 0x0A, 0x31, 0x38, 0x0A, 0x31, 0x38,
        0x0A, 0x31, 0x38, 0x0A, 0x46, 0x46, 0x0A, 0x46, 0x46, 0x0A, 0x45, 0x4E, 0x44, 0x43, 0x48, 0x41,
        0x52, 0x0A, 0x53, 0x54, 0x41, 0x52, 0x54, 0x43, 0x48, 0x41, 0x52, 0x20, 0x45, 0x74, 0x68, 0x0A,
        0x45, 0x4E, 0x43, 0x4F, 0x44, 0x49, 0x4E, 0x47, 0x20, 0x32, 0x30, 0x38, 0x0A, 0x53, 0x57, 0x49,
        0x44, 0x54, 0x48, 0x20, 0x36, 0x30, 0x30, 0x20, 0x30, 0x0A, 0x44, 0x57, 0x49, 0x44, 0x54, 0x48,
        0x20, 0x31, 0x31, 0x20, 0x30, 0x0A, 0x42, 0x42, 0x58, 0x20, 0x31, 0x30, 0x20, 0x31, 0x31, 0x20,
        0x30, 0x20, 0x30, 0x0A, 0x42, 0x49, 0x54, 0x4D, 0x41, 0x50, 0x0A, 0x46, 0x45, 0x30, 0x30, 0x0A,
        0x46, 0x46, 0x38, 0x30, 0x0A, 0x36, 0x31, 0x38, 0x30, 0x0A, 0x36, 0x30, 0x43, 0x30, 0x0A, 0x46,
        0x38, 0x43, 0x30, 0x0A, 0x46, 0x38, 0x43, 0x30, 0x0A, 0x36, 0x30, 0x43, 0x30, 0x0A, 0x36, 0x30,
        0x43, 0x30, 0x0A, 0x36, 0x31, 0x38, 0x30, 0x0A, 0x46, 0x46, 0x38, 0x30, 0x0A, 0x46, 0x45, 0x30,
        0x30, 0x0A, 0x45, 0x4E, 0x44, 0x43, 0x48, 0x41, 0x52, 0x0A, 0x53, 0x54, 0x41, 0x52, 0x54, 0x43,
        0x48, 0x41, 0x52, 0x20, 0x4E, 0x74, 0x69, 0x6C, 0x64, 0x65, 0x0A, 0x45, 0x4E, 0x43, 0x4F, 0x44,
        0x49, 0x4E, 0x47, 0x20, 0x32, 0x30, 0x39, 0x0A, 0x53, 0x57, 0x49, 0x44, 0x54, 0x48, 0x20, 0x36,
        0x30, 0x30, 0x20, 0x30, 0x0A, 0x44, 0x57, 0x49, 0x44, 0x54, 0x48, 0x20, 0x31, 0x31, 0x20, 0x30,
        0x0A, 0x42, 0x42, 0x58, 0x20, 0x31, 0x30, 0x20, 0x31, 0x34, 0x20, 0x30, 0x20, 0x30, 0x0A, 0x42,
        0x49, 0x54, 0x4D, 0x41, 0x50, 0x0A, 0x33, 0x42, 0x30, 0x30, 0x0A, 0x36, 0x45, 0x30, 0x30, 0x0A,
        0x30, 0x30, 0x30, 0x30, 0x0A, 0x45, 0x33, 0x43, 0x30, 0x0A, 0x46, 0x33, 0x43, 0x30, 0x0A, 0x37,
        0x31, 0x38, 0x30, 0x0A, 0x37, 0x39, 0x38, 0x30, 0x0A, 0x36, 0x39, 0x38, 0x30, 0x0A, 0x36, 0x44,
        0x38, 0x30, 0x0A, 0x36, 0x35, 0x38, 0x30, 0x0A, 0x36, 0x37, 0x38, 0x30, 0x0A, 0x36, 0x33, 0x38,
        0x30, 0x0A, 0x46, 0x42, 0x38, 0x30, 0x0A, 0x46, 0x39, 0x38, 0x30, 0x0A, 0x45, 0x4E, 0x44, 0x43,
        0x48, 0x41, 0x52, 0x0A, 0x53, 0x54, 0x41, 0x52, 0x54, 0x43, 0x48, 0x41, 0x52, 0x20, 0x4F, 0x67,
        0x72, 0x61, 0x76, 0x65, 0x0A, 0x45, 0x4E, 0x43, 0x4F, 0x44, 0x49, 0x4E, 0x47, 0x20, 0x32, 0x31,
        0x30, 0x0A, 0x53, 0x57, 0x49, 0x44, 0x54, 0x48, 0x20, 0x36, 0x30, 0x30, 0x20, 0x30, 0x0A, 0x44,
        0x57, 0x49, 0x44, 0x54, 0x48, 0x20, 0x31, 0x31, 0x20, 0x30, 0x0A, 0x42, 0x42, 0x58, 0x20, 0x31,
        0x30, 0x20, 0x31, 0x35, 0x20, 0x30, 0x20, 0x30, 0x0A, 0x42, 0x49, 0x54, 0x4D, 0x41, 0x50, 0x0A,
        0x33, 0x30, 0x30, 0x30, 0x0A, 0x31, 0x38, 0x30, 0x30, 0x0A, 0x30, 0x43, 0x30, 0x30, 0x0A, 0x30,
        0x30, 0x30, 0x30, 0x0A, 0x31, 0x45, 0x30, 0x30, 0x0A, 0x37, 0x46, 0x38, 0x30, 0x0A, 0x36, 0x31,
        0x38, 0x30, 0x0A, 0x43, 0x30, 0x43, 0x30, 0x0A, 0x43, 0x30, 0x43, 0x30, 0x0A, 0x43, 0x30, 0x43,
        0x30, 0x0A, 0x43, 0x30, 0x43, 0x30, 0x0A, 0x43, 0x30, 0x43, 0x30, 0x0A, 0x36, 0x31, 0x38, 0x30,
        0x0A, 0x37, 0x46, 0x38, 0x30, 0x0A, 0x31, 0x45, 0x30, 0x30, 0x0A, 0x45, 0x4E, 0x44, 0x43, 0x48,
        0x41, 0x52, 0x0A, 0x53, 0x54, 0x41, 0x52, 0x54, 0x43, 0x48, 0x41, 0x52, 0x20, 0x4F, 0x61, 0x63,
        0x75, 0x74, 0x65, 0x0A, 0x45, 0x4E, 0x43, 0x4F, 0x44, 0x49, 0x4E, 0x47, 0x20, 0x32, 0x31, 0x31,
        0x0A, 0x53, 0x57, 0x49, 0x44, 0x54, 0x48, 0x20, 0x36, 0x30, 0x30, 0x20, 0x30, 0x0A, 0x44, 0x57,
        0x49, 0x44, 0x54, 0x48, 0x20, 0x31, 0x31, 0x20, 0x30, 0x0A, 0x42, 0x42, 0x58, 0x20, 0x31, 0x30,
        0x20, 0x31, 0x35, 0x20, 0x30, 0x20, 0x30, 0x0A, 0x42, 0x49, 0x54, 0x4D, 0x41, 0x50, 0x0A, 0x30,
        0x33, 0x30, 0x30, 0x0A, 0x30, 0x36, 0x30, 0x30, 0x0A, 0x30, 0x43, 0x30, 0x30, 0x0A, 0x30, 0x30,
        0x30, 0x30, 0x0A, 0x31, 0x45, 0x30, 0x30, 0x0A, 0x37, 0x46, 0x38, 0x30, 0x0A, 0x36, 0x31, 0x38,
        0x30, 0x0A, 0x43, 0x30, 0x43, 0x30, 0x0A, 0x43, 0x30, 0x43, 0x30, 0x0A, 0x43, 0x30, 0x43, 0x30,
        0x0A, 0x43, 0x30, 0x43, 0x30, 0x0A, 0x43, 0x30, 0x43, 0x30, 0x0A, 0x36, 0x31, 0x38, 0x30, 0x0A,
        0x37, 0x46, 0x38, 0x30, 0x0A, 0x31, 0x45, 0x30, 0x30, 0x0A, 0x45, 0x4E, 0x44, 0x43, 0x48, 0x41,
        0x52, 0x0A, 0x53, 0x54, 0x41, 0x52, 0x54, 0x43, 0x48, 0x41, 0x52, 0x20, 0x4F, 0x63, 0x69, 0x72,
        0x63, 0x75, 0x6D, 0x66, 0x6C, 0x65, 0x78, 0x0A, 0x45, 0x4E, 0x43, 0x4F, 0x44, 0x49, 0x4E, 0x47,
        0x20, 0x32, 0x31, 0x32, 0x0A, 0x53, 0x57, 0x49, 0x44, 0x54, 0x48, 0x20, 0x36, 0x30, 0x30, 0x20,
        0x30, 0x0A, 0x44, 0x57, 0x49, 0x44, 0x54, 0x48, 0x20, 0x31, 0x31, 0x20, 0x30, 0x0A, 0x42, 0x42,
        0x58, 0x20, 0x31, 0x30, 0x20, 0x31, 0x35, 0x20, 0x30, 0x20, 0x30, 0x0A, 0x42, 0x49, 0x54, 0x4D,
        0x41, 0x50, 0x0A, 0x30, 0x43, 0x30, 0x30, 0x0A, 0x31, 0x45, 0x30, 0x30, 0x0A, 0x33, 0x33, 0x30,
        0x30, 0x0A, 0x30, 0x30, 0x30, 0x30, 0x0A, 0x31, 0x45, 0x30, 0x30, 0x0A, 0x37, 0x46, 0x38, 0x30,
        0x0A, 0x36, 0x31, 0x38, 0x30, 0x0A, 0x43, 0x30, 0x43, 0x30, 0x0A, 0x43, 0x30, 0x43, 0x30, 0x0A,
        0x43, 0x30, 0x43, 0x30, 0x0A, 0x43, 0x30, 0x43, 0x30, 0x0A, 0x43, 0x30, 0x43, 0x30, 0x0A, 0x36,
        0x31, 0x38, 0x30, 0x0A, 0x37, 0x46, 0x38, 0x30, 0x0A, 0x31, 0x45, 0x30, 0x30, 0x0A, 0x45, 0x4E,
        0x44, 0x43, 0x48, 0x41, 0x52, 0x0A, 0x53, 0x54, 0x41, 0x52, 0x54, 0x43, 0x48, 0x41, 0x52, 0x20,
        0x4F, 0x74, 0x69, 0x6C, 0x64, 0x65, 0x0A, 0x45, 0x4E, 0x43, 0x4F, 0x44, 0x49, 0x4E, 0x47, 0x20,
        0x32, 0x31, 0x33, 0x0A, 0x53, 0x57, 0x49, 0x44, 0x54, 0x48, 0x20, 0x36, 0x30, 0x30, 0x20, 0x30,
        0x0A, 0x44, 0x57, 0x49, 0x44, 0x54, 0x48, 0x20, 0x31, 0x31, 0x20, 0x30, 0x0A, 0x42, 0x42, 0x58,
        0x20, 0x31, 0x30, 0x20, 0x31, 0x34, 0x20, 0x30, 0x20, 0x30, 0x0A, 0x42, 0x49, 0x54, 0x4D, 0x41,
        0x50, 0x0A, 0x31, 0x44, 0x38, 0x30, 0x0A, 0x33, 0x37, 0x30, 0x30, 0x0A, 0x30, 0x30, 0x30, 0x30,
        0x0A, 0x31, 0x45, 0x30, 0x30, 0x0A, 0x37, 0x46, 0x38, 0x30, 0x0A, 0x36, 0x31, 0x38, 0x30, 0x0A,
        0x43, 0x30, 0x43, 0x30, 0x0A, 0x43, 0x30, 0x43, 0x30, 0x0A, 0x43, 0x30, 0x43, 0x30, 0x0A, 0x43,
        0x30, 0x43, 0x30, 0x0A, 0x43, 0x30, 0x43, 0x30, 0x0A, 0x36, 0x31, 0x38, 0x30, 0x0A, 0x37, 0x46,
        0x38, 0x30, 0x0A, 0x31, 0x45, 0x30, 0x30, 0x0A, 0x45, 0x4E, 0x44, 0x43, 0x48, 0x41, 0x52, 0x0A,
        0x53, 0x54, 0x41, 0x52, 0x54, 0x43, 0x48, 0x41, 0x52, 0x20, 0x4F, 0x64, 0x69, 0x65, 0x72, 0x65,
        0x73, 0x69, 0x73, 0x0A, 0x45, 0x4E, 0x43, 0x4F, 0x44, 0x49, 0x4E, 0x47, 0x20, 0x32, 0x31, 0x34,
        0x0A, 0x53, 0x57, 0x49, 0x44, 0x54, 0x48, 0x20, 0x36, 0x30, 0x30, 0x20, 0x30, 0x0A, 0x44, 0x57,
        0x49, 0x44, 0x54, 0x48, 0x20, 0x31, 0x31, 0x20, 0x30, 0x0A, 0x42, 0x42, 0x58, 0x20, 0x31, 0x30,
        0x20, 0x31, 0x34, 0x20, 0x30, 0x20, 0x30, 0x0A, 0x42, 0x49, 0x54, 0x4D, 0x41, 0x50, 0x0A, 0x33,
        0x33, 0x30, 0x30, 0x0A, 0x33, 0x33, 0x30, 0x30, 0x0A, 0x30, 0x30, 0x30, 0x30, 0x0A, 0x31, 0x45,
        0x30, 0x30, 0x0A, 0x37, 0x46, 0x38, 0x30, 0x0A, 0x36, 0x31, 0x38, 0x30, 0x0A, 0x43, 0x30, 0x43,
        0x30, 0x0A, 0x43, 0x30, 0x43, 0x30, 0x0A, 0x43, 0x30, 0x43, 0x30, 0x0A, 0x43, 0x30, 0x43, 0x30,
        0x0A, 0x43, 0x30, 0x43, 0x30, 0x0A, 0x36, 0x31, 0x38, 0x30, 0x0A, 0x37, 0x46, 0x38, 0x30, 0x0A,
        0x31, 0x45, 0x30, 0x30, 0x0A, 0x45, 0x4E, 0x44, 0x43, 0x48, 0x41, 0x52, 0x0A, 0x53, 0x54, 0x41,
        0x52, 0x54, 0x43, 0x48, 0x41, 0x52, 0x20, 0x6D, 0x75, 0x6C, 0x74, 0x69, 0x70, 0x6C, 0x79, 0x0A,
        0x45, 0x4E, 0x43, 0x4F, 0x44, 0x49, 0x4E, 0x47, 0x20, 0x32, 0x31, 0x35, 0x0A, 0x53, 0x57, 0x49,
        0x44, 0x54, 0x48, 0x20, 0x36, 0x30, 0x30, 0x20, 0x30, 0x0A, 0x44, 0x57, 0x49, 0x44, 0x54, 0x48,
        0x20, 0x31, 0x31, 0x20, 0x30, 0x0A, 0x42, 0x42, 0x58, 0x20, 0x31, 0x30, 0x20, 0x31, 0x30, 0x20,
        0x30, 0x20, 0x30, 0x0A, 0x42, 0x49, 0x54, 0x4D, 0x41, 0x50, 0x0A, 0x34, 0x30, 0x38, 0x30, 0x0A,
        0x45, 0x31, 0x43, 0x30, 0x0A, 0x37, 0x33, 0x38, 0x30, 0x0A, 0x33, 0x46, 0x30, 0x30, 0x0A, 0x31,
        0x45, 0x30, 0x30, 0x0A, 0x31, 0x45, 0x30, 0x30, 0x0A, 0x33, 0x46, 0x30, 0x30, 0x0A, 0x37, 0x33,
        0x38, 0x30, 0x0A, 0x45, 0x31, 0x43, 0x30, 0x0A, 0x34, 0x30, 0x38, 0x30, 0x0A, 0x45, 0x4E, 0x44,
        0x43, 0x48, 0x41, 0x52, 0x0A, 0x53, 0x54, 0x41, 0x52, 0x54, 0x43, 0x48, 0x41, 0x52, 0x20, 0x4F,
        0x73, 0x6C, 0x61, 0x73, 0x68, 0x0A, 0x45, 0x4E, 0x43, 0x4F, 0x44, 0x49, 0x4E, 0x47, 0x20, 0x32,
        0x31, 0x36, 0x0A, 0x53, 0x57, 0x49, 0x44, 0x54, 0x48, 0x20, 0x36, 0x30, 0x30, 0x20, 0x30, 0x0A,
        0x44, 0x57, 0x49, 0x44, 0x54, 0x48, 0x20, 0x31, 0x31, 0x20, 0x30, 0x0A, 0x42, 0x42, 0x58, 0x20,
        0x31, 0x32, 0x20, 0x31, 0x33, 0x20, 0x2D, 0x31, 0x20, 0x2D, 0x31, 0x0A, 0x42, 0x49, 0x54, 0x4D,
        0x41, 0x50, 0x0A, 0x30, 0x30, 0x33, 0x30, 0x0A, 0x30, 0x46, 0x36, 0x30, 0x0A, 0x33, 0x46, 0x43,
        0x30, 0x0A, 0x33, 0x31, 0x43, 0x30, 0x0A, 0x36, 0x33, 0x36, 0x30, 0x0A, 0x36, 0x36, 0x36, 0x30,
        0x0A, 0x36, 0x36, 0x36, 0x30, 0x0A, 0x36, 0x43, 0x36, 0x30, 0x0A, 0x37, 0x38, 0x36, 0x30, 0x0A,
        0x33, 0x30, 0x43, 0x30, 0x0A, 0x33, 0x46, 0x43, 0x30, 0x0A, 0x36, 0x46, 0x30, 0x30, 0x0A, 0x43,
        0x30, 0x30, 0x30, 0x0A, 0x45, 0x4E, 0x44, 0x43, 0x48, 0x41, 0x52, 0x0A, 0x53, 0x54, 0x41, 0x52,
        0x54, 0x43, 0x48, 0x41, 0x52, 0x20, 0x55, 0x67, 0x72, 0x61, 0x76, 0x65, 0x0A, 0x45, 0x4E, 0x43,
        0x4F, 0x44, 0x49, 0x4E, 0x47, 0x20, 0x32, 0x31, 0x37, 0x0A, 0x53, 0x57, 0x49, 0x44, 0x54, 0x48,
        0x20, 0x36, 0x30, 0x30, 0x20, 0x30, 0x0A, 0x44, 0x57, 0x49, 0x44, 0x54, 0x48, 0x20, 0x31, 0x31,
        0x20, 0x30, 0x0A, 0x42, 0x42, 0x58, 0x20, 0x31, 0x31, 0x20, 0x31, 0x35, 0x20, 0x30, 0x20, 0x30,
        0x0A, 0x42, 0x49, 0x54, 0x4D, 0x41, 0x50, 0x0A, 0x31, 0x38, 0x30, 0x30, 0x0A, 0x30, 0x43, 0x30,
        0x30, 0x0A, 0x30, 0x36, 0x30, 0x30, 0x0A, 0x30, 0x30, 0x30, 0x30, 0x0A, 0x46, 0x42, 0x45, 0x30,
        0x0A, 0x46, 0x42, 0x45, 0x30, 0x0A, 0x36, 0x30, 0x43, 0x30, 0x0A, 0x36, 0x30, 0x43, 0x30, 0x0A,
        0x36, 0x30, 0x43, 0x30, 0x0A, 0x36, 0x30, 0x43, 0x30, 0x0A, 0x36, 0x30, 0x43, 0x30, 0x0A, 0x36,
        0x30, 0x43, 0x30, 0x0A, 0x37, 0x31, 0x43, 0x30, 0x0A, 0x33, 0x46, 0x38, 0x30, 0x0A, 0x31, 0x46,
        0x30, 0x30, 0x0A, 0x45, 0x4E, 0x44, 0x43, 0x48, 0x41, 0x52, 0x0A, 0x53, 0x54, 0x41, 0x52, 0x54,
        0x43, 0x48, 0x41, 0x52, 0x20, 0x55, 0x61, 0x63, 0x75, 0x74, 0x65, 0x0A, 0x45, 0x4E, 0x43, 0x4F,
        0x44, 0x49, 0x4E, 0x47, 0x20, 0x32, 0x31, 0x38, 0x0A, 0x53, 0x57, 0x49, 0x44, 0x54, 0x48, 0x20,
        0x36, 0x30, 0x30, 0x20, 0x30, 0x0A, 0x44, 0x57, 0x49, 0x44, 0x54, 0x48, 0x20, 0x31, 0x31, 0x20,
        0x30, 0x0A, 0x42, 0x42, 0x58, 0x20, 0x31, 0x31, 0x20, 0x31, 0x35, 0x20, 0x30, 0x20, 0x30, 0x0A,
        0x42, 0x49, 0x54, 0x4D, 0x41, 0x50, 0x0A, 0x30, 0x31, 0x38, 0x30, 0x0A, 0x30, 0x33, 0x30, 0x30,
        0x0A, 0x30, 0x36, 0x30, 0x30, 0x0A, 0x30, 0x30, 0x30, 0x30, 0x0A, 0x46, 0x42, 0x45, 0x30, 0x0A,
        0x46, 0x42, 0x45, 0x30, 0x0A, 0x36, 0x30, 0x43, 0x30, 0x0A, 0x36, 0x30, 0x43, 0x30, 0x0A, 0x36,
        0x30, 0x43, 0x30, 0x0A, 0x36, 0x30, 0x43, 0x30, 0x0A, 0x36, 0x30, 0x43, 0x30, 0x0A, 0x36, 0x30,
        0x43, 0x30, 0x0A, 0x37, 0x31, 0x43, 0x30, 0x0A, 0x33, 0x46, 0x38, 0x30, 0x0A, 0x31, 0x46, 0x30,
        0x30, 0x0A, 0x45, 0x4E, 0x44, 0x43, 0x48, 0x41, 0x52, 0x0A, 0x53, 0x54, 0x41, 0x52, 0x54, 0x43,
        0x48, 0x41, 0x52, 0x20, 0x55, 0x63, 0x69, 0x72, 0x63, 0x75, 0x6D, 0x66, 0x6C, 0x65, 0x78, 0x0A,
        0x45, 0x4E, 0x43, 0x4F, 0x44, 0x49, 0x4E, 0x47, 0x20, 0x32, 0x31, 0x39, 0x0A, 0x53, 0x57, 0x49,
        0x44, 0x54, 0x48, 0x20, 0x36, 0x30, 0x30, 0x20, 0x30, 0x0A, 0x44, 0x57, 0x49, 0x44, 0x54, 0x48,
        0x20, 0x31, 0x31, 0x20, 0x30, 0x0A, 0x42, 0x42, 0x58, 0x20, 0x31, 0x31, 0x20, 0x31, 0x35, 0x20,
        0x30, 0x20, 0x30, 0x0A, 0x42, 0x49, 0x54, 0x4D, 0x41, 0x50, 0x0A, 0x30, 0x36, 0x30, 0x30, 0x0A,
        0x30, 0x46, 0x30, 0x30, 0x0A, 0x31, 0x39, 0x38, 0x30, 0x0A, 0x30, 0x30, 0x30, 0x30, 0x0A, 0x46,
        0x42, 0x45, 0x30, 0x0A, 0x46, 0x42, 0x45, 0x30, 0x0A, 0x36, 0x30, 0x43, 0x30, 0x0A, 0x36, 0x30,
        0x43, 0x30, 0x0A, 0x36, 0x30, 0x43, 0x30, 0x0A, 0x36, 0x30, 0x43, 0x30, 0x0A, 0x36, 0x30, 0x43,
        0x30, 0x0A, 0x36, 0x30, 0x43, 0x30, 0x0A, 0x37, 0x31, 0x43, 0x30, 0x0A, 0x33, 0x46, 0x38, 0x30,
        0x0A, 0x31, 0x46, 0x30, 0x30, 0x0A, 0x45, 0x4E, 0x44, 0x43, 0x48, 0x41, 0x52, 0x0A, 0x53, 0x54,
        0x41, 0x52, 0x54, 0x43, 0x48, 0x41, 0x52, 0x20, 0x55, 0x64, 0x69, 0x65, 0x72, 0x65, 0x73, 0x69,
        0x73, 0x0A, 0x45, 0x4E, 0x43, 0x4F, 0x44, 0x49, 0x4E, 0x47, 0x20, 0x32, 0x32, 0x30, 0x0A, 0x53,
        0x57, 0x49, 0x44, 0x54, 0x48, 0x20, 0x36, 0x30, 0x30, 0x20, 0x30, 0x0A, 0x44, 0x57, 0x49, 0x44,
        0x54, 0x48, 0x20, 0x31, 0x31, 0x20, 0x30, 0x0A, 0x42, 0x42, 0x58, 0x20, 0x31, 0x31, 0x20, 0x31,
        0x35, 0x20, 0x30, 0x20, 0x30, 0x0A, 0x42, 0x49, 0x54, 0x4D, 0x41, 0x50, 0x0A, 0x33, 0x31, 0x38,
        0x30, 0x0A, 0x33, 0x31, 0x38, 0x30, 0x0A, 0x30, 0x30, 0x30, 0x30, 0x0A, 0x30, 0x30, 0x30, 0x30,
        0x0A, 0x46, 0x42, 0x45, 0x30, 0x0A, 0x46, 0x42, 0x45, 0x30, 0x0A, 0x36, 0x30, 0x43, 0x30, 0x0A,
        0x36, 0x30, 0x43, 0x30, 0x0A, 0x36, 0x30, 0x43, 0x30, 0x0A, 0x36, 0x30, 0x43, 0x30, 0x0A, 0x36,
        0x30, 0x43, 0x30, 0x0A, 0x36, 0x30, 0x43, 0x30, 0x0A, 0x37, 0x31, 0x43, 0x30, 0x0A, 0x33, 0x46,
        0x38, 0x30, 0x0A, 0x31, 0x46, 0x30, 0x30, 0x0A, 0x45, 0x4E, 0x44, 0x43, 0x48, 0x41, 0x52, 0x0A,
        0x53, 0x54, 0x41, 0x52, 0x54, 0x43, 0x48, 0x41, 0x52, 0x20, 0x59, 0x61, 0x63, 0x75, 0x74, 0x65,
        0x0A, 0x45, 0x4E, 0x43, 0x4F, 0x44, 0x49, 0x4E, 0x47, 0x20, 0x32, 0x32, 0x31, 0x0A, 0x53, 0x57,
        0x49, 0x44, 0x54, 0x48, 0x20, 0x36, 0x30, 0x30, 0x20, 0x30, 0x0A, 0x44, 0x57, 0x49, 0x44, 0x54,
        0x48, 0x20, 0x31, 0x31, 0x20, 0x30, 0x0A, 0x42, 0x42, 0x58, 0x20, 0x31, 0x30, 0x20, 0x31, 0x35,
        0x20, 0x30, 0x20, 0x30, 0x0A, 0x42, 0x49, 0x54, 0x4D, 0x41, 0x50, 0x0A, 0x30, 0x33, 0x30, 0x30,
        0x0A, 0x30, 0x36, 0x30, 0x30, 0x0A, 0x30, 0x43, 0x30, 0x30, 0x0A, 0x30, 0x30, 0x30, 0x30, 0x0A,
        0x46, 0x33, 0x43, 0x30, 0x0A, 0x46, 0x33, 0x43, 0x30, 0x0A, 0x36, 0x31, 0x38, 0x30, 0x0A, 0x36,
        0x31, 0x38, 0x30, 0x0A, 0x33, 0x33, 0x30, 0x30, 0x0A, 0x33, 0x45, 0x30, 0x30, 0x0A, 0x31, 0x45,
        0x30, 0x30, 0x0A, 0x30, 0x43, 0x30, 0x30, 0x0A, 0x30, 0x43, 0x30, 0x30, 0x0A, 0x33, 0x46, 0x30,
        0x30, 0x0A, 0x33, 0x46, 0x30, 0x30, 0x0A, 0x45, 0x4E, 0x44, 0x43, 0x48, 0x41, 0x52, 0x0A, 0x53,
        0x54, 0x41, 0x52, 0x54, 0x43, 0x48, 0x41, 0x52, 0x20, 0x54, 0x68, 0x6F, 0x72, 0x6E, 0x0A, 0x45,
        0x4E, 0x43, 0x4F, 0x44, 0x49, 0x4E, 0x47, 0x20, 0x32, 0x32, 0x32, 0x0A, 0x53, 0x57, 0x49, 0x44,
        0x54, 0x48, 0x20, 0x36, 0x30, 0x30, 0x20, 0x30, 0x0A, 0x44, 0x57, 0x49, 0x44, 0x54, 0x48, 0x20,
        0x31, 0x31, 0x20, 0x30, 0x0A, 0x42, 0x42, 0x58, 0x20, 0x31, 0x30, 0x20, 0x31, 0x31, 0x20, 0x30,
        0x20, 0x30, 0x0A, 0x42, 0x49, 0x54, 0x4D, 0x41, 0x50, 0x0A, 0x46, 0x30, 0x30, 0x30, 0x0A, 0x36,
        0x30, 0x30, 0x30, 0x0A, 0x37, 0x46, 0x30, 0x30, 0x0A, 0x37, 0x46, 0x38, 0x30, 0x0A, 0x36, 0x31,
        0x43, 0x30, 0x0A, 0x36, 0x30, 0x43, 0x30, 0x0A, 0x36, 0x31, 0x43, 0x30, 0x0A, 0x37, 0x46, 0x38,
        0x30, 0x0A, 0x37, 0x46, 0x30, 0x30, 0x0A, 0x36, 0x30, 0x30, 0x30, 0x0A, 0x46, 0x30, 0x30, 0x30,
        0x0A, 0x45, 0x4E, 0x44, 0x43, 0x48, 0x41, 0x52, 0x0A, 0x53, 0x54, 0x41, 0x52, 0x54, 0x43, 0x48,
        0x41, 0x52, 0x20, 0x67, 0x65, 0x72, 0x6D, 0x61, 0x6E, 0x64, 0x62, 0x6C, 0x73, 0x0A, 0x45, 0x4E,
        0x43, 0x4F, 0x44, 0x49, 0x4E, 0x47, 0x20, 0x32, 0x32, 0x33, 0x0A, 0x53, 0x57, 0x49, 0x44, 0x54,
        0x48, 0x20, 0x36, 0x30, 0x30, 0x20, 0x30, 0x0A, 0x44, 0x57, 0x49, 0x44, 0x54, 0x48, 0x20, 0x31,
        0x31, 0x20, 0x30, 0x0A, 0x42, 0x42, 0x58, 0x20, 0x39, 0x20, 0x31, 0x32, 0x20, 0x31, 0x20, 0x30,
        0x0A, 0x42, 0x49, 0x54, 0x4D, 0x41, 0x50, 0x0A, 0x33, 0x43, 0x30, 0x30, 0x0A, 0x37, 0x45, 0x30,
        0x30, 0x0A, 0x36, 0x33, 0x30, 0x30, 0x0A, 0x36, 0x33, 0x30, 0x30, 0x0A, 0x36, 0x37, 0x30, 0x30,
        0x0A, 0x36, 0x45, 0x30, 0x30, 0x0A, 0x36, 0x37, 0x30, 0x30, 0x0A, 0x36, 0x31, 0x38, 0x30, 0x0A,
        0x36, 0x31, 0x38, 0x30, 0x0A, 0x36, 0x39, 0x38, 0x30, 0x0A, 0x45, 0x46, 0x38, 0x30, 0x0A, 0x45,
        0x37, 0x30, 0x30, 0x0A, 0x45, 0x4E, 0x44, 0x43, 0x48, 0x41, 0x52, 0x0A, 0x53, 0x54, 0x41, 0x52,
        0x54, 0x43, 0x48, 0x41, 0x52, 0x20, 0x61, 0x67, 0x72, 0x61, 0x76, 0x65, 0x0A, 0x45, 0x4E, 0x43,
        0x4F, 0x44, 0x49, 0x4E, 0x47, 0x20, 0x32, 0x32, 0x34, 0x0A, 0x53, 0x57, 0x49, 0x44, 0x54, 0x48,
        0x20, 0x36, 0x30, 0x30, 0x20, 0x30, 0x0A, 0x44, 0x57, 0x49, 0x44, 0x54, 0x48, 0x20, 0x31, 0x31,
        0x20, 0x30, 0x0A, 0x42, 0x42, 0x58, 0x20, 0x31, 0x30, 0x20, 0x31, 0x33, 0x20, 0x30, 0x20, 0x30,
        0x0A, 0x42, 0x49, 0x54, 0x4D, 0x41, 0x50, 0x0A, 0x31, 0x38, 0x30, 0x30, 0x0A, 0x30, 0x43, 0x30,
        0x30, 0x0A, 0x30, 0x36, 0x30, 0x30, 0x0A, 0x30, 0x30, 0x30, 0x30, 0x0A, 0x33, 0x46, 0x30, 0x30,
        0x0A, 0x37, 0x46, 0x38, 0x30, 0x0A, 0x36, 0x31, 0x38, 0x30, 0x0A, 0x30, 0x31, 0x38, 0x30, 0x0A,
        0x37, 0x46, 0x38, 0x30, 0x0A, 0x46, 0x46, 0x38, 0x30, 0x0A, 0x43, 0x31, 0x38, 0x30, 0x0A, 0x46,
        0x46, 0x43, 0x30, 0x0A, 0x37, 0x44, 0x43, 0x30, 0x0A, 0x45, 0x4E, 0x44, 0x43, 0x48, 0x41, 0x52,
        0x0A, 0x53, 0x54, 0x41, 0x52, 0x54, 0x43, 0x48, 0x41, 0x52, 0x20, 0x61, 0x61, 0x63, 0x75, 0x74,
        0x65, 0x0A, 0x45, 0x4E, 0x43, 0x4F, 0x44, 0x49, 0x4E, 0x47, 0x20, 0x32, 0x32, 0x35, 0x0A, 0x53,
        0x57, 0x49, 0x44, 0x54, 0x48, 0x20, 0x36, 0x30, 0x30, 0x20, 0x30, 0x0A, 0x44, 0x57, 0x49, 0x44,
        0x54, 0x48, 0x20, 0x31, 0x31, 0x20, 0x30, 0x0A, 0x42, 0x42, 0x58, 0x20, 0x31, 0x30, 0x20, 0x31,
        0x33, 0x20, 0x30, 0x20, 0x30, 0x0A, 0x42, 0x49, 0x54, 0x4D, 0x41, 0x50, 0x0A, 0x30, 0x33, 0x30,
        0x30, 0x0A, 0x30, 0x36, 0x30, 0x30, 0x0A, 0x30, 0x43, 0x30, 0x30, 0x0A, 0x30, 0x30, 0x30, 0x30,
        0x0A, 0x33, 0x46, 0x30, 0x30, 0x0A, 0x37, 0x46, 0x38, 0x30, 0x0A, 0x36, 0x31, 0x38, 0x30, 0x0A,
        0x30, 0x31, 0x38, 0x30, 0x0A, 0x37, 0x46, 0x38, 0x30, 0x0A, 0x46, 0x46, 0x38, 0x30, 0x0A, 0x43,
        0x31, 0x38, 0x30, 0x0A, 0x46, 0x46, 0x43, 0x30, 0x0A, 0x37, 0x44, 0x43, 0x30, 0x0A, 0x45, 0x4E,
        0x44, 0x43, 0x48, 0x41, 0x52, 0x0A, 0x53, 0x54, 0x41, 0x52, 0x54, 0x43, 0x48, 0x41, 0x52, 0x20,
        0x61, 0x63, 0x69, 0x72, 0x63, 0x75, 0x6D, 0x66, 0x6C, 0x65, 0x78, 0x0A, 0x45, 0x4E, 0x43, 0x4F,
        0x44, 0x49, 0x4E, 0x47, 0x20, 0x32, 0x32, 0x36, 0x0A, 0x53, 0x57, 0x49, 0x44, 0x54, 0x48, 0x20,
        0x36, 0x30, 0x30, 0x20, 0x30, 0x0A, 0x44, 0x57, 0x49, 0x44, 0x54, 0x48, 0x20, 0x31, 0x31, 0x20,
        0x30, 0x0A, 0x42, 0x42, 0x58, 0x20, 0x31, 0x30, 0x20, 0x31, 0x33, 0x20, 0x30, 0x20, 0x30, 0x0A,
        0x42, 0x49, 0x54, 0x4D, 0x41, 0x50, 0x0A, 0x30, 0x43, 0x30, 0x30, 0x0A, 0x31, 0x45, 0x30, 0x30,
        0x0A, 0x33, 0x33, 0x30, 0x30, 0x0A, 0x30, 0x30, 0x30, 0x30, 0x0A, 0x33, 0x46, 0x30, 0x30, 0x0A,
        0x37, 0x46, 0x38, 0x30, 0x0A, 0x36, 0x31, 0x38, 0x30, 0x0A, 0x30, 0x31, 0x38, 0x30, 0x0A, 0x37,
        0x46, 0x38, 0x30, 0x0A, 0x46, 0x46, 0x38, 0x30, 0x0A, 0x43, 0x31, 0x38, 0x30, 0x0A, 0x46, 0x46,
        0x43, 0x30, 0x0A, 0x37, 0x44, 0x43, 0x30, 0x0A, 0x45, 0x4E, 0x44, 0x43, 0x48, 0x41, 0x52, 0x0A,
        0x53, 0x54, 0x41, 0x52, 0x54, 0x43, 0x48, 0x41, 0x52, 0x20, 0x61, 0x74, 0x69, 0x6C, 0x64, 0x65,
        0x0A, 0x45, 0x4E, 0x43, 0x4F, 0x44, 0x49, 0x4E, 0x47, 0x20, 0x32, 0x32, 0x37, 0x0A, 0x53, 0x57,
        0x49, 0x44, 0x54, 0x48, 0x20, 0x36, 0x30, 0x30, 0x20, 0x30, 0x0A, 0x44, 0x57, 0x49, 0x44, 0x54,
        0x48, 0x20, 0x31, 0x31, 0x20, 0x30, 0x0A, 0x42, 0x42, 0x58, 0x20, 0x31, 0x30, 0x20, 0x31, 0x32,
        0x20, 0x30, 0x20, 0x30, 0x0A, 0x42, 0x49, 0x54, 0x4D, 0x41, 0x50, 0x0A, 0x31, 0x44, 0x38, 0x30,
        0x0A, 0x33, 0x37, 0x30, 0x30, 0x0A, 0x30, 0x30, 0x30, 0x30, 0x0A, 0x33, 0x46, 0x30, 0x30, 0x0A,
        0x37, 0x46, 0x38, 0x30, 0x0A, 0x36, 0x31, 0x38, 0x30, 0x0A, 0x30, 0x31, 0x38, 0x30, 0x0A, 0x37,
        0x46, 0x38, 0x30, 0x0A, 0x46, 0x46, 0x38, 0x30, 0x0A, 0x43, 0x31, 0x38, 0x30, 0x0A, 0x46, 0x46,
        0x43, 0x30, 0x0A, 0x37, 0x44, 0x43, 0x30, 0x0A, 0x45, 0x4E, 0x44, 0x43, 0x48, 0x41, 0x52, 0x0A,
        0x53, 0x54, 0x41, 0x52, 0x54, 0x43, 0x48, 0x41, 0x52, 0x20, 0x61, 0x64, 0x69, 0x65, 0x72, 0x65,
        0x73, 0x69, 0x73, 0x0A, 0x45, 0x4E, 0x43, 0x4F, 0x44, 0x49, 0x4E, 0x47, 0x20, 0x32, 0x32, 0x38,
        0x0A, 0x53, 0x57, 0x49, 0x44, 0x54, 0x48, 0x20, 0x36, 0x30, 0x30, 0x20, 0x30, 0x0A, 0x44, 0x57,
        0x49, 0x44, 0x54, 0x48, 0x20, 0x31, 0x31, 0x20, 0x30, 0x0A, 0x42, 0x42, 0x58, 0x20, 0x31, 0x30,
        0x20, 0x31, 0x32, 0x20, 0x30, 0x20, 0x30, 0x0A, 0x42, 0x49, 0x54, 0x4D, 0x41, 0x50, 0x0A, 0x33,
        0x33, 0x30, 0x30, 0x0A, 0x33, 0x33, 0x30, 0x30, 0x0A, 0x30, 0x30, 0x30, 0x30, 0x0A, 0x33, 0x46,
        0x30, 0x30, 0x0A, 0x37, 0x46, 0x38, 0x30, 0x0A, 0x36, 0x31, 0x38, 0x30, 0x0A, 0x30, 0x31, 0x38,
        0x30, 0x0A, 0x37, 0x46, 0x38, 0x30, 0x0A, 0x46, 0x46, 0x38, 0x30, 0x0A, 0x43, 0x31, 0x38, 0x30,
        0x0A, 0x46, 0x46, 0x43, 0x30, 0x0A, 0x37, 0x44, 0x43, 0x30, 0x0A, 0x45, 0x4E, 0x44, 0x43, 0x48,
        0x41, 0x52, 0x0A, 0x53, 0x54, 0x41, 0x52, 0x54, 0x43, 0x48, 0x41, 0x52, 0x20, 0x61, 0x72, 0x69,
        0x6E, 0x67, 0x0A, 0x45, 0x4E, 0x43, 0x4F, 0x44, 0x49, 0x4E, 0x47, 0x20, 0x32, 0x32, 0x39, 0x0A,
        0x53, 0x57, 0x49, 0x44, 0x54, 0x48, 0x20, 0x36, 0x30, 0x30, 0x20, 0x30, 0x0A, 0x44, 0x57, 0x49,
        0x44, 0x54, 0x48, 0x20, 0x31, 0x31, 0x20, 0x30, 0x0A, 0x42, 0x42, 0x58, 0x20, 0x31, 0x30, 0x20,
        0x31, 0x34, 0x20, 0x30, 0x20, 0x30, 0x0A, 0x42, 0x49, 0x54, 0x4D, 0x41, 0x50, 0x0A, 0x30, 0x43,
        0x30, 0x30, 0x0A, 0x31, 0x32, 0x30, 0x30, 0x0A, 0x31, 0x32, 0x30, 0x30, 0x0A, 0x30, 0x43, 0x30,
        0x30, 0x0A, 0x30, 0x30, 0x30, 0x30, 0x0A, 0x33, 0x46, 0x30, 0x30, 0x0A, 0x37, 0x46, 0x38, 0x30,
        0x0A, 0x36, 0x31, 0x38, 0x30, 0x0A, 0x30, 0x31, 0x38, 0x30, 0x0A, 0x37, 0x46, 0x38, 0x30, 0x0A,
        0x46, 0x46, 0x38, 0x30, 0x0A, 0x43, 0x31, 0x38, 0x30, 0x0A, 0x46, 0x46, 0x43, 0x30, 0x0A, 0x37,
        0x44, 0x43, 0x30, 0x0A, 0x45, 0x4E, 0x44, 0x43, 0x48, 0x41, 0x52, 0x0A, 0x53, 0x54, 0x41, 0x52,
        0x54, 0x43, 0x48, 0x41, 0x52, 0x20, 0x61, 0x65, 0x0A, 0x45, 0x4E, 0x43, 0x4F, 0x44, 0x49, 0x4E,
        0x47, 0x20, 0x32, 0x33, 0x30, 0x0A, 0x53, 0x57, 0x49, 0x44, 0x54, 0x48, 0x20, 0x36, 0x30, 0x30,
        0x20, 0x30, 0x0A, 0x44, 0x57, 0x49, 0x44, 0x54, 0x48, 0x20, 0x31, 0x31, 0x20, 0x30, 0x0A, 0x42,
        0x42, 0x58, 0x20, 0x31, 0x31, 0x20, 0x39, 0x20, 0x30, 0x20, 0x30, 0x0A, 0x42, 0x49, 0x54, 0x4D,
        0x41, 0x50, 0x0A, 0x33, 0x42, 0x38, 0x30, 0x0A, 0x37, 0x46, 0x43, 0x30, 0x0A, 0x36, 0x36, 0x36,
        0x30, 0x0A, 0x30, 0x36, 0x36, 0x30, 0x0A, 0x37, 0x46, 0x45, 0x30, 0x0A, 0x46, 0x46, 0x45, 0x30,
        0x0A, 0x43, 0x36, 0x30, 0x30, 0x0A, 0x46, 0x46, 0x45, 0x30, 0x0A, 0x37, 0x39, 0x43, 0x30, 0x0A,
        0x45, 0x4E, 0x44, 0x43, 0x48, 0x41, 0x52, 0x0A, 0x53, 0x54, 0x41, 0x52, 0x54, 0x43, 0x48, 0x41,
        0x52, 0x20, 0x63, 0x63, 0x65, 0x64, 0x69, 0x6C, 0x6C, 0x61, 0x0A, 0x45, 0x4E, 0x43, 0x4F, 0x44,
        0x49, 0x4E, 0x47, 0x20, 0x32, 0x33, 0x31, 0x0A, 0x53, 0x57, 0x49, 0x44, 0x54, 0x48, 0x20, 0x36,
        0x30, 0x30, 0x20, 0x30, 0x0A, 0x44, 0x57, 0x49, 0x44, 0x54, 0x48, 0x20, 0x31, 0x31, 0x20, 0x30,
        0x0A, 0x42, 0x42, 0x58, 0x20, 0x31, 0x30, 0x20, 0x31, 0x34, 0x20, 0x30, 0x20, 0x2D, 0x35, 0x0A,
        0x42, 0x49, 0x54, 0x4D, 0x41, 0x50, 0x0A, 0x33, 0x44, 0x38, 0x30, 0x0A, 0x37, 0x46, 0x38, 0x30,
        0x0A, 0x45, 0x33, 0x38, 0x30, 0x0A, 0x43, 0x31, 0x38, 0x30, 0x0A, 0x43, 0x30, 0x30, 0x30, 0x0A,
        0x43, 0x30, 0x30, 0x30, 0x0A, 0x45, 0x31, 0x43, 0x30, 0x0A, 0x37, 0x46, 0x43, 0x30, 0x0A, 0x33,
        0x46, 0x30, 0x30, 0x0A, 0x30, 0x43, 0x30, 0x30, 0x0A, 0x30, 0x45, 0x30, 0x30, 0x0A, 0x30, 0x36,
        0x30, 0x30, 0x0A, 0x31, 0x45, 0x30, 0x30, 0x0A, 0x31, 0x43, 0x30, 0x30, 0x0A, 0x45, 0x4E, 0x44,
        0x43, 0x48, 0x41, 0x52, 0x0A, 0x53, 0x54, 0x41, 0x52, 0x54, 0x43, 0x48, 0x41, 0x52, 0x20, 0x65,
        0x67, 0x72, 0x61, 0x76, 0x65, 0x0A, 0x45, 0x4E, 0x43, 0x4F, 0x44, 0x49, 0x4E, 0x47, 0x20, 0x32,
        0x33, 0x32, 0x0A, 0x53, 0x57, 0x49, 0x44, 0x54, 0x48, 0x20, 0x36, 0x30, 0x30, 0x20, 0x30, 0x0A,
        0x44, 0x57, 0x49, 0x44, 0x54, 0x48, 0x20, 0x31, 0x31, 0x20, 0x30, 0x0A, 0x42, 0x42, 0x58, 0x20,
        0x31, 0x30, 0x20, 0x31, 0x33, 0x20, 0x30, 0x20, 0x30, 0x0A, 0x42, 0x49, 0x54, 0x4D, 0x41, 0x50,
        0x0A, 0x31, 0x38, 0x30, 0x30, 0x0A, 0x30, 0x43, 0x30, 0x30, 0x0A, 0x30, 0x36, 0x30, 0x30, 0x0A,
        0x30, 0x30, 0x30, 0x30, 0x0A, 0x31, 0x45, 0x30, 0x30, 0x0A, 0x37, 0x46, 0x38, 0x30, 0x0A, 0x45,
        0x31, 0x43, 0x30, 0x0A, 0x43, 0x30, 0x43, 0x30, 0x0A, 0x46, 0x46, 0x43, 0x30, 0x0A, 0x46, 0x46,
        0x43, 0x30, 0x0A, 0x45, 0x30, 0x30, 0x30, 0x0A, 0x37, 0x46, 0x38, 0x30, 0x0A, 0x31, 0x46, 0x38,
        0x30, 0x0A, 0x45, 0x4E, 0x44, 0x43, 0x48, 0x41, 0x52, 0x0A, 0x53, 0x54, 0x41, 0x52, 0x54, 0x43,
        0x48, 0x41, 0x52, 0x20, 0x65, 0x61, 0x63, 0x75, 0x74, 0x65, 0x0A, 0x45, 0x4E, 0x43, 0x4F, 0x44,
        0x49, 0x4E, 0x47, 0x20, 0x32, 0x33, 0x33, 0x0A, 0x53, 0x57, 0x49, 0x44, 0x54, 0x48, 0x20, 0x36,
        0x30, 0x30, 0x20, 0x30, 0x0A, 0x44, 0x57, 0x49, 0x44, 0x54, 0x48, 0x20, 0x31, 0x31, 0x20, 0x30,
        0x0A, 0x42, 0x42, 0x58, 0x20, 0x31, 0x30, 0x20, 0x31, 0x33, 0x20, 0x30, 0x20, 0x30, 0x0A, 0x42,
        0x49, 0x54, 0x4D, 0x41, 0x50, 0x0A, 0x30, 0x33, 0x30, 0x30, 0x0A, 0x30, 0x36, 0x30, 0x30, 0x0A,
        0x30, 0x43, 0x30, 0x30, 0x0A, 0x30, 0x30, 0x30, 0x30, 0x0A, 0x31, 0x45, 0x30, 0x30, 0x0A, 0x37,
        0x46, 0x38, 0x30, 0x0A, 0x45, 0x31, 0x43, 0x30, 0x0A, 0x43, 0x30, 0x43, 0x30, 0x0A, 0x46, 0x46,
        0x43, 0x30, 0x0A, 0x46, 0x46, 0x43, 0x30, 0x0A, 0x45, 0x30, 0x30, 0x30, 0x0A, 0x37, 0x46, 0x38,
        0x30, 0x0A, 0x31, 0x46, 0x38, 0x30, 0x0A, 0x45, 0x4E, 0x44, 0x43, 0x48, 0x41, 0x52, 0x0A, 0x53,
        0x54, 0x41, 0x52, 0x54, 0x43, 0x48, 0x41, 0x52, 0x20, 0x65, 0x63, 0x69, 0x72, 0x63, 0x75, 0x6D,
        0x66, 0x6C, 0x65, 0x78, 0x0A, 0x45, 0x4E, 0x43, 0x4F, 0x44, 0x49, 0x4E, 0x47, 0x20, 0x32, 0x33,
        0x34, 0x0A, 0x53, 0x57, 0x49, 0x44, 0x54, 0x48, 0x20, 0x36, 0x30, 0x30, 0x20, 0x30, 0x0A, 0x44,
        0x57, 0x49, 0x44, 0x54, 0x48, 0x20, 0x31, 0x31, 0x20, 0x30, 0x0A, 0x42, 0x42, 0x58, 0x20, 0x31,
        0x30, 0x20, 0x31, 0x33, 0x20, 0x30, 0x20, 0x30, 0x0A, 0x42, 0x49, 0x54, 0x4D, 0x41, 0x50, 0x0A,
        0x30, 0x43, 0x30, 0x30, 0x0A, 0x31, 0x45, 0x30, 0x30, 0x0A, 0x33, 0x33, 0x30, 0x30, 0x0A, 0x30,
        0x30, 0x30, 0x30, 0x0A, 0x31, 0x45, 0x30, 0x30, 0x0A, 0x37, 0x46, 0x38, 0x30, 0x0A, 0x45, 0x31,
        0x43, 0x30, 0x0A, 0x43, 0x30, 0x43, 0x30, 0x0A, 0x46, 0x46, 0x43, 0x30, 0x0A, 0x46, 0x46, 0x43,
        0x30, 0x0A, 0x45, 0x30, 0x30, 0x30, 0x0A, 0x37, 0x46, 0x38, 0x30, 0x0A, 0x31, 0x46, 0x38, 0x30,
        0x0A, 0x45, 0x4E, 0x44, 0x43, 0x48, 0x41, 0x52, 0x0A, 0x53, 0x54, 0x41, 0x52, 0x54, 0x43, 0x48,
        0x41, 0x52, 0x20, 0x65, 0x64, 0x69, 0x65, 0x72, 0x65, 0x73, 0x69, 0x73, 0x0A, 0x45, 0x4E, 0x43,
        0x4F, 0x44, 0x49, 0x4E, 0x47, 0x20, 0x32, 0x33, 0x35, 0x0A, 0x53, 0x57, 0x49, 0x44, 0x54, 0x48,
        0x20, 0x36, 0x30, 0x30, 0x20, 0x30, 0x0A, 0x44, 0x57, 0x49, 0x44, 0x54, 0x48, 0x20, 0x31, 0x31,
        0x20, 0x30, 0x0A, 0x42, 0x42, 0x58, 0x20, 0x31, 0x30, 0x20, 0x31, 0x32, 0x20, 0x30, 0x20, 0x30,
        0x0A, 0x42, 0x49, 0x54, 0x4D, 0x41, 0x50, 0x0A, 0x33, 0x33, 0x30, 0x30, 0x0A, 0x33, 0x33, 0x30,
        0x30, 0x0A, 0x30, 0x30, 0x30, 0x30, 0x0A, 0x31, 0x45, 0x30, 0x30, 0x0A, 0x37, 0x46, 0x38, 0x30,
        0x0A, 0x45, 0x31, 0x43, 0x30, 0x0A, 0x43, 0x30, 0x43, 0x30, 0x0A, 0x46, 0x46, 0x43, 0x30, 0x0A,
        0x46, 0x46, 0x43, 0x30, 0x0A, 0x45, 0x30, 0x30, 0x30, 0x0A, 0x37, 0x46, 0x38, 0x30, 0x0A, 0x31,
        0x46, 0x38, 0x30, 0x0A, 0x45, 0x4E, 0x44, 0x43, 0x48, 0x41, 0x52, 0x0A, 0x53, 0x54, 0x41, 0x52,
        0x54, 0x43, 0x48, 0x41, 0x52, 0x20, 0x69, 0x67, 0x72, 0x61, 0x76, 0x65, 0x0A, 0x45, 0x4E, 0x43,
        0x4F, 0x44, 0x49, 0x4E, 0x47, 0x20, 0x32, 0x33, 0x36, 0x0A, 0x53, 0x57, 0x49, 0x44, 0x54, 0x48,
        0x20, 0x36, 0x30, 0x30, 0x20, 0x30, 0x0A, 0x44, 0x57, 0x49, 0x44, 0x54, 0x48, 0x20, 0x31, 0x31,
        0x20, 0x30, 0x0A, 0x42, 0x42, 0x58, 0x20, 0x38, 0x20, 0x31, 0x33, 0x20, 0x31, 0x20, 0x30, 0x0A,
        0x42, 0x49, 0x54, 0x4D, 0x41, 0x50, 0x0A, 0x36, 0x30, 0x0A, 0x33, 0x30, 0x0A, 0x31, 0x38, 0x0A,
        0x30, 0x30, 0x0A, 0x46, 0x38, 0x0A, 0x46, 0x38, 0x0A, 0x31, 0x38, 0x0A, 0x31, 0x38, 0x0A, 0x31,
        0x38, 0x0A, 0x31, 0x38, 0x0A, 0x31, 0x38, 0x0A, 0x46, 0x46, 0x0A, 0x46, 0x46, 0x0A, 0x45, 0x4E,
        0x44, 0x43, 0x48, 0x41, 0x52, 0x0A, 0x53, 0x54, 0x41, 0x52, 0x54, 0x43, 0x48, 0x41, 0x52, 0x20,
        0x69, 0x61, 0x63, 0x75, 0x74, 0x65, 0x0A, 0x45, 0x4E, 0x43, 0x4F, 0x44, 0x49, 0x4E, 0x47, 0x20,
        0x32, 0x33, 0x37, 0x0A, 0x53, 0x57, 0x49, 0x44, 0x54, 0x48, 0x20, 0x36, 0x30, 0x30, 0x20, 0x30,
        0x0A, 0x44, 0x57, 0x49, 0x44, 0x54, 0x48, 0x20, 0x31, 0x31, 0x20, 0x30, 0x0A, 0x42, 0x42, 0x58,
        0x20, 0x38, 0x20, 0x31, 0x33, 0x20, 0x31, 0x20, 0x30, 0x0A, 0x42, 0x49, 0x54, 0x4D, 0x41, 0x50,
        0x0A, 0x30, 0x36, 0x0A, 0x30, 0x43, 0x0A, 0x31, 0x38, 0x0A, 0x30, 0x30, 0x0A, 0x46, 0x38, 0x0A,
        0x46, 0x38, 0x0A, 0x31, 0x38, 0x0A, 0x31, 0x38, 0x0A, 0x31, 0x38, 0x0A, 0x31, 0x38, 0x0A, 0x31,
        0x38, 0x0A, 0x46, 0x46, 0x0A, 0x46, 0x46, 0x0A, 0x45, 0x4E, 0x44, 0x43, 0x48, 0x41, 0x52, 0x0A,
        0x53, 0x54, 0x41, 0x52, 0x54, 0x43, 0x48, 0x41, 0x52, 0x20, 0x69, 0x63, 0x69, 0x72, 0x63, 0x75,
        0x6D, 0x66, 0x6C, 0x65, 0x78, 0x0A, 0x45, 0x4E, 0x43, 0x4F, 0x44, 0x49, 0x4E, 0x47, 0x20, 0x32,
        0x33, 0x38, 0x0A, 0x53, 0x57, 0x49, 0x44, 0x54, 0x48, 0x20, 0x36, 0x30, 0x30, 0x20, 0x30, 0x0A,
        0x44, 0x57, 0x49, 0x44, 0x54, 0x48, 0x20, 0x31, 0x31, 0x20, 0x30, 0x0A, 0x42, 0x42, 0x58, 0x20,
        0x38, 0x20, 0x31, 0x33, 0x20, 0x31, 0x20, 0x30, 0x0A, 0x42, 0x49, 0x54, 0x4D, 0x41, 0x50, 0x0A,
        0x31, 0x38, 0x0A, 0x33, 0x43, 0x0A, 0x36, 0x36, 0x0A, 0x30, 0x30, 0x0A, 0x46, 0x38, 0x0A, 0x46,
        0x38, 0x0A, 0x31, 0x38, 0x0A, 0x31, 0x38, 0x0A, 0x31, 0x38, 0x0A, 0x31, 0x38, 0x0A, 0x31, 0x38,
        0x0A, 0x46, 0x46, 0x0A, 0x46, 0x46, 0x0A, 0x45, 0x4E, 0x44, 0x43, 0x48, 0x41, 0x52, 0x0A, 0x53,
        0x54, 0x41, 0x52, 0x54, 0x43, 0x48, 0x41, 0x52, 0x20, 0x69, 0x64, 0x69, 0x65, 0x72, 0x65, 0x73,
        0x69, 0x73, 0x0A, 0x45, 0x4E, 0x43, 0x4F, 0x44, 0x49, 0x4E, 0x47, 0x20, 0x32, 0x33, 0x39, 0x0A,
        0x53, 0x57, 0x49, 0x44, 0x54, 0x48, 0x20, 0x36, 0x30, 0x30, 0x20, 0x30, 0x0A, 0x44, 0x57, 0x49,
        0x44, 0x54, 0x48, 0x20, 0x31, 0x31, 0x20, 0x30, 0x0A, 0x42, 0x42, 0x58, 0x20, 0x38, 0x20, 0x31,
        0x32, 0x20, 0x31, 0x20, 0x30, 0x0A, 0x42, 0x49, 0x54, 0x4D, 0x41, 0x50, 0x0A, 0x36, 0x36, 0x0A,
        0x36, 0x36, 0x0A, 0x30, 0x30, 0x0A, 0x46, 0x38, 0x0A, 0x46, 0x38, 0x0A, 0x31, 0x38, 0x0A, 0x31,
        0x38, 0x0A, 0x31, 0x38, 0x0A, 0x31, 0x38, 0x0A, 0x31, 0x38, 0x0A, 0x46, 0x46, 0x0A, 0x46, 0x46,
        0x0A, 0x45, 0x4E, 0x44, 0x43, 0x48, 0x41, 0x52, 0x0A, 0x53, 0x54, 0x41, 0x52, 0x54, 0x43, 0x48,
        0x41, 0x52, 0x20, 0x65, 0x74, 0x68, 0x0A, 0x45, 0x4E, 0x43, 0x4F, 0x44, 0x49, 0x4E, 0x47, 0x20,
        0x32, 0x34, 0x30, 0x0A, 0x53, 0x57, 0x49, 0x44, 0x54, 0x48, 0x20, 0x36, 0x30, 0x30, 0x20, 0x30,
        0x0A, 0x44, 0x57, 0x49, 0x44, 0x54, 0x48, 0x20, 0x31, 0x31, 0x20, 0x30, 0x0A, 0x42, 0x42, 0x58,
        0x20, 0x31, 0x30, 0x20, 0x31, 0x34, 0x20, 0x30, 0x20, 0x30, 0x0A, 0x42, 0x49, 0x54, 0x4D, 0x41,
        0x50, 0x0A, 0x45, 0x37, 0x30, 0x30, 0x0A, 0x37, 0x37, 0x30, 0x30, 0x0A, 0x33, 0x43, 0x30, 0x30,
        0x0A, 0x46, 0x45, 0x30, 0x30, 0x0A, 0x43, 0x37, 0x30, 0x30, 0x0A, 0x33, 0x46, 0x38, 0x30, 0x0A,
        0x37, 0x46, 0x38, 0x30, 0x0A, 0x45, 0x31, 0x43, 0x30, 0x0A, 0x43, 0x30, 0x43, 0x30, 0x0A, 0x43,
        0x30, 0x43, 0x30, 0x0A, 0x43, 0x30, 0x43, 0x30, 0x0A, 0x45, 0x31, 0x43, 0x30, 0x0A, 0x37, 0x46,
        0x38, 0x30, 0x0A, 0x31, 0x45, 0x30, 0x30, 0x0A, 0x45, 0x4E, 0x44, 0x43, 0x48, 0x41, 0x52, 0x0A,
        0x53, 0x54, 0x41, 0x52, 0x54, 0x43, 0x48, 0x41, 0x52, 0x20, 0x6E, 0x74, 0x69, 0x6C, 0x64, 0x65,
        0x0A, 0x45, 0x4E, 0x43, 0x4F, 0x44, 0x49, 0x4E, 0x47, 0x20, 0x32, 0x34, 0x31, 0x0A, 0x53, 0x57,
        0x49, 0x44, 0x54, 0x48, 0x20, 0x36, 0x30, 0x30, 0x20, 0x30, 0x0A, 0x44, 0x57, 0x49, 0x44, 0x54,
        0x48, 0x20, 0x31, 0x31, 0x20, 0x30, 0x0A, 0x42, 0x42, 0x58, 0x20, 0x31, 0x30, 0x20, 0x31, 0x32,
        0x20, 0x30, 0x20, 0x30, 0x0A, 0x42, 0x49, 0x54, 0x4D, 0x41, 0x50, 0x0A, 0x31, 0x44, 0x38, 0x30,
        0x0A, 0x33, 0x37, 0x30, 0x30, 0x0A, 0x30, 0x30, 0x30, 0x30, 0x0A, 0x45, 0x46, 0x30, 0x30, 0x0A,
        0x46, 0x46, 0x38, 0x30, 0x0A, 0x37, 0x31, 0x38, 0x30, 0x0A, 0x36, 0x31, 0x38, 0x30, 0x0A, 0x36,
        0x31, 0x38, 0x30, 0x0A, 0x36, 0x31, 0x38, 0x30, 0x0A, 0x36, 0x31, 0x38, 0x30, 0x0A, 0x46, 0x33,
        0x43, 0x30, 0x0A, 0x46, 0x33, 0x43, 0x30, 0x0A, 0x45, 0x4E, 0x44, 0x43, 0x48, 0x41, 0x52, 0x0A,
        0x53, 0x54, 0x41, 0x52, 0x54, 0x43, 0x48, 0x41, 0x52, 0x20, 0x6F, 0x67, 0x72, 0x61, 0x76, 0x65,
        0x0A, 0x45, 0x4E, 0x43, 0x4F, 0x44, 0x49, 0x4E, 0x47, 0x20, 0x32, 0x34, 0x32, 0x0A, 0x53, 0x57,
        0x49, 0x44, 0x54, 0x48, 0x20, 0x36, 0x30, 0x30, 0x20, 0x30, 0x0A, 0x44, 0x57, 0x49, 0x44, 0x54,
        0x48, 0x20, 0x31, 0x31, 0x20, 0x30, 0x0A, 0x42, 0x42, 0x58, 0x20, 0x31, 0x30, 0x20, 0x31, 0x33,
        0x20, 0x30, 0x20, 0x30, 0x0A, 0x42, 0x49, 0x54, 0x4D, 0x41, 0x50, 0x0A, 0x33, 0x30, 0x30, 0x30,
        0x0A, 0x31, 0x38, 0x30, 0x30, 0x0A, 0x30, 0x43, 0x30, 0x30, 0x0A, 0x30, 0x30, 0x30, 0x30, 0x0A,
        0x31, 0x45, 0x30, 0x30, 0x0A, 0x37, 0x46, 0x38, 0x30, 0x0A, 0x45, 0x31, 0x43, 0x30, 0x0A, 0x43,
        0x30, 0x43, 0x30, 0x0A, 0x43, 0x30, 0x43, 0x30, 0x0A, 0x43, 0x30, 0x43, 0x30, 0x0A, 0x45, 0x31,
        0x43, 0x30, 0x0A, 0x37, 0x46, 0x38, 0x30, 0x0A, 0x31, 0x45, 0x30, 0x30, 0x0A, 0x45, 0x4E, 0x44,
        0x43, 0x48, 0x41, 0x52, 0x0A, 0x53, 0x54, 0x41, 0x52, 0x54, 0x43, 0x48, 0x41, 0x52, 0x20, 0x6F,
        0x61, 0x63, 0x75, 0x74, 0x65, 0x0A, 0x45, 0x4E, 0x43, 0x4F, 0x44, 0x49, 0x4E, 0x47, 0x20, 0x32,
        0x34, 0x33, 0x0A, 0x53, 0x57, 0x49, 0x44, 0x54, 0x48, 0x20, 0x36, 0x30, 0x30, 0x20, 0x30, 0x0A,
        0x44, 0x57, 0x49, 0x44, 0x54, 0x48, 0x20, 0x31, 0x31, 0x20, 0x30, 0x0A, 0x42, 0x42, 0x58, 0x20,
        0x31, 0x30, 0x20, 0x31, 0x33, 0x20, 0x30, 0x20, 0x30, 0x0A, 0x42, 0x49, 0x54, 0x4D, 0x41, 0x50,
        0x0A, 0x30, 0x33, 0x30, 0x30, 0x0A, 0x30, 0x36, 0x30, 0x30, 0x0A, 0x30, 0x43, 0x30, 0x30, 0x0A,
        0x30, 0x30, 0x30, 0x30, 0x0A, 0x31, 0x45, 0x30, 0x30, 0x0A, 0x37, 0x46, 0x38, 0x30, 0x0A, 0x45,
        0x31, 0x43, 0x30, 0x0A, 0x43, 0x30, 0x43, 0x30, 0x0A, 0x43, 0x30, 0x43, 0x30, 0x0A, 0x43, 0x30,
        0x43, 0x30, 0x0A, 0x45, 0x31, 0x43, 0x30, 0x0A, 0x37, 0x46, 0x38, 0x30, 0x0A, 0x31, 0x45, 0x30,
        0x30, 0x0A, 0x45, 0x4E, 0x44, 0x43, 0x48, 0x41, 0x52, 0x0A, 0x53, 0x54, 0x41, 0x52, 0x54, 0x43,
        0x48, 0x41, 0x52, 0x20, 0x6F, 0x63, 0x69, 0x72, 0x63, 0x75, 0x6D, 0x66, 0x6C, 0x65, 0x78, 0x0A,
        0x45, 0x4E, 0x43, 0x4F, 0x44, 0x49, 0x4E, 0x47, 0x20, 0x32, 0x34, 0x34, 0x0A, 0x53, 0x57, 0x49,
        0x44, 0x54, 0x48, 0x20, 0x36, 0x30, 0x30, 0x20, 0x30, 0x0A, 0x44, 0x57, 0x49, 0x44, 0x54, 0x48,
        0x20, 0x31, 0x31, 0x20, 0x30, 0x0A, 0x42, 0x42, 0x58, 0x20, 0x31, 0x30, 0x20, 0x31, 0x33, 0x20,
        0x30, 0x20, 0x30, 0x0A, 0x42, 0x49, 0x54, 0x4D, 0x41, 0x50, 0x0A, 0x30, 0x43, 0x30, 0x30, 0x0A,
        0x31, 0x45, 0x30, 0x30, 0x0A, 0x33, 0x33, 0x30, 0x30, 0x0A, 0x30, 0x30, 0x30, 0x30, 0x0A, 0x31,
        0x45, 0x30, 0x30, 0x0A, 0x37, 0x46, 0x38, 0x30, 0x0A, 0x45, 0x31, 0x43, 0x30, 0x0A, 0x43, 0x30,
        0x43, 0x30, 0x0A, 0x43, 0x30, 0x43, 0x30, 0x0A, 0x43, 0x30, 0x43, 0x30, 0x0A, 0x45, 0x31, 0x43,
        0x30, 0x0A, 0x37, 0x46, 0x38, 0x30, 0x0A, 0x31, 0x45, 0x30, 0x30, 0x0A, 0x45, 0x4E, 0x44, 0x43,
        0x48, 0x41, 0x52, 0x0A, 0x53, 0x54, 0x41, 0x52, 0x54, 0x43, 0x48, 0x41, 0x52, 0x20, 0x6F, 0x74,
        0x69, 0x6C, 0x64, 0x65, 0x0A, 0x45, 0x4E, 0x43, 0x4F, 0x44, 0x49, 0x4E, 0x47, 0x20, 0x32, 0x34,
        0x35, 0x0A, 0x53, 0x57, 0x49, 0x44, 0x54, 0x48, 0x20, 0x36, 0x30, 0x30, 0x20, 0x30, 0x0A, 0x44,
        0x57, 0x49, 0x44, 0x54, 0x48, 0x20, 0x31, 0x31, 0x20, 0x30, 0x0A, 0x42, 0x42, 0x58, 0x20, 0x31,
        0x30, 0x20, 0x31, 0x32, 0x20, 0x30, 0x20, 0x30, 0x0A, 0x42, 0x49, 0x54, 0x4D, 0x41, 0x50, 0x0A,
        0x31, 0x44, 0x38, 0x30, 0x0A, 0x33, 0x37, 0x30, 0x30, 0x0A, 0x30, 0x30, 0x30, 0x30, 0x0A, 0x31,
        0x45, 0x30, 0x30, 0x0A, 0x37, 0x46, 0x38, 0x30, 0x0A, 0x45, 0x31, 0x43, 0x30, 0x0A, 0x43, 0x30,
        0x43, 0x30, 0x0A, 0x43, 0x30, 0x43, 0x30, 0x0A, 0x43, 0x30, 0x43, 0x30, 0x0A, 0x45, 0x31, 0x43,
        0x30, 0x0A, 0x37, 0x46, 0x38, 0x30, 0x0A, 0x31, 0x45, 0x30, 0x30, 0x0A, 0x45, 0x4E, 0x44, 0x43,
        0x48, 0x41, 0x52, 0x0A, 0x53, 0x54, 0x41, 0x52, 0x54, 0x43, 0x48, 0x41, 0x52, 0x20, 0x6F, 0x64,
        0x69, 0x65, 0x72, 0x65, 0x73, 0x69, 0x73, 0x0A, 0x45, 0x4E, 0x43, 0x4F, 0x44, 0x49, 0x4E, 0x47,
        0x20, 0x32, 0x34, 0x36, 0x0A, 0x53, 0x57, 0x49, 0x44, 0x54, 0x48, 0x20, 0x36, 0x30, 0x30, 0x20,
        0x30, 0x0A, 0x44, 0x57, 0x49, 0x44, 0x54, 0x48, 0x20, 0x31, 0x31, 0x20, 0x30, 0x0A, 0x42, 0x42,
        0x58, 0x20, 0x31, 0x30, 0x20, 0x31, 0x32, 0x20, 0x30, 0x20, 0x30, 0x0A, 0x42, 0x49, 0x54, 0x4D,
        0x41, 0x50, 0x0A, 0x33, 0x33, 0x30, 0x30, 0x0A, 0x33, 0x33, 0x30, 0x30, 0x0A, 0x30, 0x30, 0x30,
        0x30, 0x0A, 0x31, 0x45, 0x30, 0x30, 0x0A, 0x37, 0x46, 0x38, 0x30, 0x0A, 0x45, 0x31, 0x43, 0x30,
        0x0A, 0x43, 0x30, 0x43, 0x30, 0x0A, 0x43, 0x30, 0x43, 0x30, 0x0A, 0x43, 0x30, 0x43, 0x30, 0x0A,
        0x45, 0x31, 0x43, 0x30, 0x0A, 0x37, 0x46, 0x38, 0x30, 0x0A, 0x31, 0x45, 0x30, 0x30, 0x0A, 0x45,
        0x4E, 0x44, 0x43, 0x48, 0x41, 0x52, 0x0A, 0x53, 0x54, 0x41, 0x52, 0x54, 0x43, 0x48, 0x41, 0x52,
        0x20, 0x64, 0x69, 0x76, 0x69, 0x64, 0x65, 0x0A, 0x45, 0x4E, 0x43, 0x4F, 0x44, 0x49, 0x4E, 0x47,
        0x20, 0x32, 0x34, 0x37, 0x0A, 0x53, 0x57, 0x49, 0x44, 0x54, 0x48, 0x20, 0x36, 0x30, 0x30, 0x20,
        0x30, 0x0A, 0x44, 0x57, 0x49, 0x44, 0x54, 0x48, 0x20, 0x31, 0x31, 0x20, 0x30, 0x0A, 0x42, 0x42,
        0x58, 0x20, 0x31, 0x30, 0x20, 0x31, 0x30, 0x20, 0x30, 0x20, 0x30, 0x0A, 0x42, 0x49, 0x54, 0x4D,
        0x41, 0x50, 0x0A, 0x30, 0x43, 0x30, 0x30, 0x0A, 0x30, 0x43, 0x30, 0x30, 0x0A, 0x30, 0x30, 0x30,
        0x30, 0x0A, 0x30, 0x30, 0x30, 0x30, 0x0A, 0x46, 0x46, 0x43, 0x30, 0x0A, 0x46, 0x46, 0x43, 0x30,
        0x0A, 0x30, 0x30, 0x30, 0x30, 0x0A, 0x30, 0x30, 0x30, 0x30, 0x0A, 0x30, 0x43, 0x30, 0x30, 0x0A,
        0x30, 0x43, 0x30, 0x30, 0x0A, 0x45, 0x4E, 0x44, 0x43, 0x48, 0x41, 0x52, 0x0A, 0x53, 0x54, 0x41,
        0x52, 0x54, 0x43, 0x48, 0x41, 0x52, 0x20, 0x6F, 0x73, 0x6C, 0x61, 0x73, 0x68, 0x0A, 0x45, 0x4E,
        0x43, 0x4F, 0x44, 0x49, 0x4E, 0x47, 0x20, 0x32, 0x34, 0x38, 0x0A, 0x53, 0x57, 0x49, 0x44, 0x54,
        0x48, 0x20, 0x36, 0x30, 0x30, 0x20, 0x30, 0x0A, 0x44, 0x57, 0x49, 0x44, 0x54, 0x48, 0x20, 0x31,
        0x31, 0x20, 0x30, 0x0A, 0x42, 0x42, 0x58, 0x20, 0x31, 0x32, 0x20, 0x31, 0x31, 0x20, 0x2D, 0x31,
        0x20, 0x2D, 0x31, 0x0A, 0x42, 0x49, 0x54, 0x4D, 0x41, 0x50, 0x0A, 0x30, 0x30, 0x33, 0x30, 0x0A,
        0x30, 0x46, 0x36, 0x30, 0x0A, 0x33, 0x46, 0x43, 0x30, 0x0A, 0x37, 0x31, 0x45, 0x30, 0x0A, 0x36,
        0x33, 0x36, 0x30, 0x0A, 0x36, 0x36, 0x36, 0x30, 0x0A, 0x36, 0x43, 0x36, 0x30, 0x0A, 0x37, 0x38,
        0x45, 0x30, 0x0A, 0x33, 0x46, 0x43, 0x30, 0x0A, 0x36, 0x46, 0x30, 0x30, 0x0A, 0x43, 0x30, 0x30,
        0x30, 0x0A, 0x45, 0x4E, 0x44, 0x43, 0x48, 0x41, 0x52, 0x0A, 0x53, 0x54, 0x41, 0x52, 0x54, 0x43,
        0x48, 0x41, 0x52, 0x20, 0x75, 0x67, 0x72, 0x61, 0x76, 0x65, 0x0A, 0x45, 0x4E, 0x43, 0x4F, 0x44,
        0x49, 0x4E, 0x47, 0x20, 0x32, 0x34, 0x39, 0x0A, 0x53, 0x57, 0x49, 0x44, 0x54, 0x48, 0x20, 0x36,
        0x30, 0x30, 0x20, 0x30, 0x0A, 0x44, 0x57, 0x49, 0x44, 0x54, 0x48, 0x20, 0x31, 0x31, 0x20, 0x30,
        0x0A, 0x42, 0x42, 0x58, 0x20, 0x31, 0x30, 0x20, 0x31, 0x33, 0x20, 0x30, 0x20, 0x30, 0x0A, 0x42,
        0x49, 0x54, 0x4D, 0x41, 0x50, 0x0A, 0x33, 0x30, 0x30, 0x30, 0x0A, 0x31, 0x38, 0x30, 0x30, 0x0A,
        0x30, 0x43, 0x30, 0x30, 0x0A, 0x30, 0x30, 0x30, 0x30, 0x0A, 0x45, 0x37, 0x38, 0x30, 0x0A, 0x45,
        0x37, 0x38, 0x30, 0x0A, 0x36, 0x31, 0x38, 0x30, 0x0A, 0x36, 0x31, 0x38, 0x30, 0x0A, 0x36, 0x31,
        0x38, 0x30, 0x0A, 0x36, 0x31, 0x38, 0x30, 0x0A, 0x36, 0x33, 0x38, 0x30, 0x0A, 0x37, 0x46, 0x43,
        0x30, 0x0A, 0x33, 0x44, 0x43, 0x30, 0x0A, 0x45, 0x4E, 0x44, 0x43, 0x48, 0x41, 0x52, 0x0A, 0x53,
        0x54, 0x41, 0x52, 0x54, 0x43, 0x48, 0x41, 0x52, 0x20, 0x75, 0x61, 0x63, 0x75, 0x74, 0x65, 0x0A,
        0x45, 0x4E, 0x43, 0x4F, 0x44, 0x49, 0x4E, 0x47, 0x20, 0x32, 0x35, 0x30, 0x0A, 0x53, 0x57, 0x49,
        0x44, 0x54, 0x48, 0x20, 0x36, 0x30, 0x30, 0x20, 0x30, 0x0A, 0x44, 0x57, 0x49, 0x44, 0x54, 0x48,
        0x20, 0x31, 0x31, 0x20, 0x30, 0x0A, 0x42, 0x42, 0x58, 0x20, 0x31, 0x30, 0x20, 0x31, 0x33, 0x20,
        0x30, 0x20, 0x30, 0x0A, 0x42, 0x49, 0x54, 0x4D, 0x41, 0x50, 0x0A, 0x30, 0x33, 0x30, 0x30, 0x0A,
        0x30, 0x36, 0x30, 0x30, 0x0A, 0x30, 0x43, 0x30, 0x30, 0x0A, 0x30, 0x30, 0x30, 0x30, 0x0A, 0x45,
        0x37, 0x38, 0x30, 0x0A, 0x45, 0x37, 0x38, 0x30, 0x0A, 0x36, 0x31, 0x38, 0x30, 0x0A, 0x36, 0x31,
        0x38, 0x30, 0x0A, 0x36, 0x31, 0x38, 0x30, 0x0A, 0x36, 0x31, 0x38, 0x30, 0x0A, 0x36, 0x33, 0x38,
        0x30, 0x0A, 0x37, 0x46, 0x43, 0x30, 0x0A, 0x33, 0x44, 0x43, 0x30, 0x0A, 0x45, 0x4E, 0x44, 0x43,
        0x48, 0x41, 0x52, 0x0A, 0x53, 0x54, 0x41, 0x52, 0x54, 0x43, 0x48, 0x41, 0x52, 0x20, 0x75, 0x63,
        0x69, 0x72, 0x63, 0x75, 0x6D, 0x66, 0x6C, 0x65, 0x78, 0x0A, 0x45, 0x4E, 0x43, 0x4F, 0x44, 0x49,
        0x4E, 0x47, 0x20, 0x32, 0x35, 0x31, 0x0A, 0x53, 0x57, 0x49, 0x44, 0x54, 0x48, 0x20, 0x36, 0x30,
        0x30, 0x20, 0x30, 0x0A, 0x44, 0x57, 0x49, 0x44, 0x54, 0x48, 0x20, 0x31, 0x31, 0x20, 0x30, 0x0A,
        0x42, 0x42, 0x58, 0x20, 0x31, 0x30, 0x20, 0x31, 0x33, 0x20, 0x30, 0x20, 0x30, 0x0A, 0x42, 0x49,
        0x54, 0x4D, 0x41, 0x50, 0x0A, 0x30, 0x43, 0x30, 0x30, 0x0A, 0x31, 0x45, 0x30, 0x30, 0x0A, 0x33,
        0x33, 0x30, 0x30, 0x0A, 0x30, 0x30, 0x30, 0x30, 0x0A, 0x45, 0x37, 0x38, 0x30, 0x0A, 0x45, 0x37,
        0x38, 0x30, 0x0A, 0x36, 0x31, 0x38, 0x30, 0x0A, 0x36, 0x31, 0x38, 0x30, 0x0A, 0x36, 0x31, 0x38,
        0x30, 0x0A, 0x36, 0x31, 0x38, 0x30, 0x0A, 0x36, 0x33, 0x38, 0x30, 0x0A, 0x37, 0x46, 0x43, 0x30,
        0x0A, 0x33, 0x44, 0x43, 0x30, 0x0A, 0x45, 0x4E, 0x44, 0x43, 0x48, 0x41, 0x52, 0x0A, 0x53, 0x54,
        0x41, 0x52, 0x54, 0x43, 0x48, 0x41, 0x52, 0x20, 0x75, 0x64, 0x69, 0x65, 0x72, 0x65, 0x73, 0x69,
        0x73, 0x0A, 0x45, 0x4E, 0x43, 0x4F, 0x44, 0x49, 0x4E, 0x47, 0x20, 0x32, 0x35, 0x32, 0x0A, 0x53,
        0x57, 0x49, 0x44, 0x54, 0x48, 0x20, 0x36, 0x30, 0x30, 0x20, 0x30, 0x0A, 0x44, 0x57, 0x49, 0x44,
        0x54, 0x48, 0x20, 0x31, 0x31, 0x20, 0x30, 0x0A, 0x42, 0x42, 0x58, 0x20, 0x31, 0x30, 0x20, 0x31,
        0x32, 0x20, 0x30, 0x20, 0x30, 0x0A, 0x42, 0x49, 0x54, 0x4D, 0x41, 0x50, 0x0A, 0x33, 0x33, 0x30,
        0x30, 0x0A, 0x33, 0x33, 0x30, 0x30, 0x0A, 0x30, 0x30, 0x30, 0x30, 0x0A, 0x45, 0x37, 0x38, 0x30,
        0x0A, 0x45, 0x37, 0x38, 0x30, 0x0A, 0x36, 0x31, 0x38, 0x30, 0x0A, 0x36, 0x31, 0x38, 0x30, 0x0A,
        0x36, 0x31, 0x38, 0x30, 0x0A, 0x36, 0x31, 0x38, 0x30, 0x0A, 0x36, 0x33, 0x38, 0x30, 0x0A, 0x37,
        0x46, 0x43, 0x30, 0x0A, 0x33, 0x44, 0x43, 0x30, 0x0A, 0x45, 0x4E, 0x44, 0x43, 0x48, 0x41, 0x52,
        0x0A, 0x53, 0x54, 0x41, 0x52, 0x54, 0x43, 0x48, 0x41, 0x52, 0x20, 0x79, 0x61, 0x63, 0x75, 0x74,
        0x65, 0x0A, 0x45, 0x4E, 0x43, 0x4F, 0x44, 0x49, 0x4E, 0x47, 0x20, 0x32, 0x35, 0x33, 0x0A, 0x53,
        0x57, 0x49, 0x44, 0x54, 0x48, 0x20, 0x36, 0x30, 0x30, 0x20, 0x30, 0x0A, 0x44, 0x57, 0x49, 0x44,
        0x54, 0x48, 0x20, 0x31, 0x31, 0x20, 0x30, 0x0A, 0x42, 0x42, 0x58, 0x20, 0x31, 0x30, 0x20, 0x31,
        0x37, 0x20, 0x30, 0x20, 0x2D, 0x34, 0x0A, 0x42, 0x49, 0x54, 0x4D, 0x41, 0x50, 0x0A, 0x30, 0x33,
        0x30, 0x30, 0x0A, 0x30, 0x36, 0x30, 0x30, 0x0A, 0x30, 0x43, 0x30, 0x30, 0x0A, 0x30, 0x30, 0x30,
        0x30, 0x0A, 0x46, 0x33, 0x43, 0x30, 0x0A, 0x46, 0x33, 0x43, 0x30, 0x0A, 0x36, 0x31, 0x38, 0x30,
        0x0A, 0x36, 0x31, 0x38, 0x30, 0x0A, 0x33, 0x33, 0x30, 0x30, 0x0A, 0x33, 0x36, 0x30, 0x30, 0x0A,
        0x31, 0x45, 0x30, 0x30, 0x0A, 0x31, 0x43, 0x30, 0x30, 0x0A, 0x31, 0x38, 0x30, 0x30, 0x0A, 0x31,
        0x38, 0x30, 0x30, 0x0A, 0x33, 0x30, 0x30, 0x30, 0x0A, 0x46, 0x43, 0x30, 0x30, 0x0A, 0x46, 0x43,
        0x30, 0x30, 0x0A, 0x45, 0x4E, 0x44, 0x43, 0x48, 0x41, 0x52, 0x0A, 0x53, 0x54, 0x41, 0x52, 0x54,
        0x43, 0x48, 0x41, 0x52, 0x20, 0x74, 0x68, 0x6F, 0x72, 0x6E, 0x0A, 0x45, 0x4E, 0x43, 0x4F, 0x44,
        0x49, 0x4E, 0x47, 0x20, 0x32, 0x35, 0x34, 0x0A, 0x53, 0x57, 0x49, 0x44, 0x54, 0x48, 0x20, 0x36,
        0x30, 0x30, 0x20, 0x30, 0x0A, 0x44, 0x57, 0x49, 0x44, 0x54, 0x48, 0x20, 0x31, 0x31, 0x20, 0x30,
        0x0A, 0x42, 0x42, 0x58, 0x20, 0x31, 0x30, 0x20, 0x31, 0x36, 0x20, 0x30, 0x20, 0x2D, 0x34, 0x0A,
        0x42, 0x49, 0x54, 0x4D, 0x41, 0x50, 0x0A, 0x45, 0x30, 0x30, 0x30, 0x0A, 0x45, 0x30, 0x30, 0x30,
        0x0A, 0x36, 0x30, 0x30, 0x30, 0x0A, 0x36, 0x46, 0x30, 0x30, 0x0A, 0x37, 0x46, 0x38, 0x30, 0x0A,
        0x37, 0x31, 0x43, 0x30, 0x0A, 0x36, 0x30, 0x43, 0x30, 0x0A, 0x36, 0x30, 0x43, 0x30, 0x0A, 0x36,
        0x30, 0x43, 0x30, 0x0A, 0x37, 0x31, 0x43, 0x30, 0x0A, 0x37, 0x46, 0x38, 0x30, 0x0A, 0x36, 0x46,
        0x30, 0x30, 0x0A, 0x36, 0x30, 0x30, 0x30, 0x0A, 0x36, 0x30, 0x30, 0x30, 0x0A, 0x46, 0x38, 0x30,
        0x30, 0x0A, 0x46, 0x38, 0x30, 0x30, 0x0A, 0x45, 0x4E, 0x44, 0x43, 0x48, 0x41, 0x52, 0x0A, 0x53,
        0x54, 0x41, 0x52, 0x54, 0x43, 0x48, 0x41, 0x52, 0x20, 0x79, 0x64, 0x69, 0x65, 0x72, 0x65, 0x73,
        0x69, 0x73, 0x0A, 0x45, 0x4E, 0x43, 0x4F, 0x44, 0x49, 0x4E, 0x47, 0x20, 0x32, 0x35, 0x35, 0x0A,
        0x53, 0x57, 0x49, 0x44, 0x54, 0x48, 0x20, 0x36, 0x30, 0x30, 0x20, 0x30, 0x0A, 0x44, 0x57, 0x49,
        0x44, 0x54, 0x48, 0x20, 0x31, 0x31, 0x20, 0x30, 0x0A, 0x42, 0x42, 0x58, 0x20, 0x31, 0x30, 0x20,
        0x31, 0x36, 0x20, 0x30, 0x20, 0x2D, 0x34, 0x0A, 0x42, 0x49, 0x54, 0x4D, 0x41, 0x50, 0x0A, 0x33,
        0x33, 0x30, 0x30, 0x0A, 0x33, 0x33, 0x30, 0x30, 0x0A, 0x30, 0x30, 0x30, 0x30, 0x0A, 0x46, 0x33,
        0x43, 0x30, 0x0A, 0x46, 0x33, 0x43, 0x30, 0x0A, 0x36, 0x31, 0x38, 0x30, 0x0A, 0x36, 0x33, 0x38,
        0x30, 0x0A, 0x33, 0x33, 0x30, 0x30, 0x0A, 0x33, 0x36, 0x30, 0x30, 0x0A, 0x31, 0x45, 0x30, 0x30,
        0x0A, 0x31, 0x43, 0x30, 0x30, 0x0A, 0x31, 0x38, 0x30, 0x30, 0x0A, 0x31, 0x38, 0x30, 0x30, 0x0A,
        0x33, 0x30, 0x30, 0x30, 0x0A, 0x46, 0x43, 0x30, 0x30, 0x0A, 0x46, 0x43, 0x30, 0x30, 0x0A, 0x45,
        0x4E, 0x44, 0x43, 0x48, 0x41, 0x52, 0x0A, 0x53, 0x54, 0x41, 0x52, 0x54, 0x43, 0x48, 0x41, 0x52,
        0x20, 0x53, 0x63, 0x61, 0x72, 0x6F, 0x6E, 0x0A, 0x45, 0x4E, 0x43, 0x4F, 0x44, 0x49, 0x4E, 0x47,
        0x20, 0x2D, 0x31, 0x0A, 0x53, 0x57, 0x49, 0x44, 0x54, 0x48, 0x20, 0x36, 0x30, 0x30, 0x20, 0x30,
        0x0A, 0x44, 0x57, 0x49, 0x44, 0x54, 0x48, 0x20, 0x31, 0x31, 0x20, 0x30, 0x0A, 0x42, 0x42, 0x58,
        0x20, 0x39, 0x20, 0x31, 0x34, 0x20, 0x31, 0x20, 0x30, 0x0A, 0x42, 0x49, 0x54, 0x4D, 0x41, 0x50,
        0x0A, 0x36, 0x36, 0x30, 0x30, 0x0A, 0x33, 0x43, 0x30, 0x30, 0x0A, 0x31, 0x38, 0x30, 0x30, 0x0A,
        0x33, 0x44, 0x38, 0x30, 0x0A, 0x46, 0x46, 0x38, 0x30, 0x0A, 0x43, 0x33, 0x38, 0x30, 0x0A, 0x43,
        0x31, 0x38, 0x30, 0x0A, 0x46, 0x38, 0x30, 0x30, 0x0A, 0x37, 0x46, 0x30, 0x30, 0x0A, 0x30, 0x46,
        0x38, 0x30, 0x0A, 0x43, 0x31, 0x38, 0x30, 0x0A, 0x45, 0x31, 0x38, 0x30, 0x0A, 0x46, 0x46, 0x30,
        0x30, 0x0A, 0x44, 0x45, 0x30, 0x30, 0x0A, 0x45, 0x4E, 0x44, 0x43, 0x48, 0x41, 0x52, 0x0A, 0x53,
        0x54, 0x41, 0x52, 0x54, 0x43, 0x48, 0x41, 0x52, 0x20, 0x4C, 0x73, 0x6C, 0x61, 0x73, 0x68, 0x0A,
        0x45, 0x4E, 0x43, 0x4F, 0x44, 0x49, 0x4E, 0x47, 0x20, 0x2D, 0x31, 0x0A, 0x53, 0x57, 0x49, 0x44,
        0x54, 0x48, 0x20, 0x36, 0x30, 0x30, 0x20, 0x30, 0x0A, 0x44, 0x57, 0x49, 0x44, 0x54, 0x48, 0x20,
        0x31, 0x31, 0x20, 0x30, 0x0A, 0x42, 0x42, 0x58, 0x20, 0x31, 0x30, 0x20, 0x31, 0x31, 0x20, 0x30,
        0x20, 0x30, 0x0A, 0x42, 0x49, 0x54, 0x4D, 0x41, 0x50, 0x0A, 0x46, 0x43, 0x30, 0x30, 0x0A, 0x46,
        0x43, 0x30, 0x30, 0x0A, 0x33, 0x30, 0x30, 0x30, 0x0A, 0x33, 0x36, 0x30, 0x30, 0x0A, 0x33, 0x43,
        0x30, 0x30, 0x0A, 0x37, 0x38, 0x30, 0x30, 0x0A, 0x46, 0x30, 0x43, 0x30, 0x0A, 0x33, 0x30, 0x43,
        0x30, 0x0A, 0x33, 0x30, 0x43, 0x30, 0x0A, 0x46, 0x46, 0x43, 0x30, 0x0A, 0x46, 0x46, 0x43, 0x30,
        0x0A, 0x45, 0x4E, 0x44, 0x43, 0x48, 0x41, 0x52, 0x0A, 0x53, 0x54, 0x41, 0x52, 0x54, 0x43, 0x48,
        0x41, 0x52, 0x20, 0x59, 0x64, 0x69, 0x65, 0x72, 0x65, 0x73, 0x69, 0x73, 0x0A, 0x45, 0x4E, 0x43,
        0x4F, 0x44, 0x49, 0x4E, 0x47, 0x20, 0x2D, 0x31, 0x0A, 0x53, 0x57, 0x49, 0x44, 0x54, 0x48, 0x20,
        0x36, 0x30, 0x30, 0x20, 0x30, 0x0A, 0x44, 0x57, 0x49, 0x44, 0x54, 0x48, 0x20, 0x31, 0x31, 0x20,
        0x30, 0x0A, 0x42, 0x42, 0x58, 0x20, 0x31, 0x30, 0x20, 0x31, 0x34, 0x20, 0x30, 0x20, 0x30, 0x0A,
        0x42, 0x49, 0x54, 0x4D, 0x41, 0x50, 0x0A, 0x33, 0x33, 0x30, 0x30, 0x0A, 0x33, 0x33, 0x30, 0x30,
        0x0A, 0x30, 0x30, 0x30, 0x30, 0x0A, 0x46, 0x33, 0x43, 0x30, 0x0A, 0x46, 0x33, 0x43, 0x30, 0x0A,
        0x36, 0x31, 0x38, 0x30, 0x0A, 0x33, 0x33, 0x30, 0x30, 0x0A, 0x33, 0x46, 0x30, 0x30, 0x0A, 0x31,
        0x45, 0x30, 0x30, 0x0A, 0x30, 0x43, 0x30, 0x30, 0x0A, 0x30, 0x43, 0x30, 0x30, 0x0A, 0x30, 0x43,
        0x30, 0x30, 0x0A, 0x33, 0x46, 0x30, 0x30, 0x0A, 0x33, 0x46, 0x30, 0x30, 0x0A, 0x45, 0x4E, 0x44,
        0x43, 0x48, 0x41, 0x52, 0x0A, 0x53, 0x54, 0x41, 0x52, 0x54, 0x43, 0x48, 0x41, 0x52, 0x20, 0x5A,
        0x63, 0x61, 0x72, 0x6F, 0x6E, 0x0A, 0x45, 0x4E, 0x43, 0x4F, 0x44, 0x49, 0x4E, 0x47, 0x20, 0x2D,
        0x31, 0x0A, 0x53, 0x57, 0x49, 0x44, 0x54, 0x48, 0x20, 0x36, 0x30, 0x30, 0x20, 0x30, 0x0A, 0x44,
        0x57, 0x49, 0x44, 0x54, 0x48, 0x20, 0x31, 0x31, 0x20, 0x30, 0x0A, 0x42, 0x42, 0x58, 0x20, 0x38,
        0x20, 0x31, 0x34, 0x20, 0x31, 0x20, 0x30, 0x0A, 0x42, 0x49, 0x54, 0x4D, 0x41, 0x50, 0x0A, 0x36,
        0x36, 0x0A, 0x33, 0x43, 0x0A, 0x31, 0x38, 0x0A, 0x46, 0x46, 0x0A, 0x46, 0x46, 0x0A, 0x43, 0x37,
        0x0A, 0x43, 0x45, 0x0A, 0x30, 0x43, 0x0A, 0x31, 0x38, 0x0A, 0x33, 0x30, 0x0A, 0x37, 0x33, 0x0A,
        0x45, 0x33, 0x0A, 0x46, 0x46, 0x0A, 0x46, 0x46, 0x0A, 0x45, 0x4E, 0x44, 0x43, 0x48, 0x41, 0x52,
        0x0A, 0x53, 0x54, 0x41, 0x52, 0x54, 0x43, 0x48, 0x41, 0x52, 0x20, 0x64, 0x6F, 0x74, 0x6C, 0x65,
        0x73, 0x73, 0x69, 0x0A, 0x45, 0x4E, 0x43, 0x4F, 0x44, 0x49, 0x4E, 0x47, 0x20, 0x2D, 0x31, 0x0A,
        0x53, 0x57, 0x49, 0x44, 0x54, 0x48, 0x20, 0x36, 0x30, 0x30, 0x20, 0x30, 0x0A, 0x44, 0x57, 0x49,
        0x44, 0x54, 0x48, 0x20, 0x31, 0x31, 0x20, 0x30, 0x0A, 0x42, 0x42, 0x58, 0x20, 0x38, 0x20, 0x39,
        0x20, 0x31, 0x20, 0x30, 0x0A, 0x42, 0x49, 0x54, 0x4D, 0x41, 0x50, 0x0A, 0x46, 0x38, 0x0A, 0x46,
        0x38, 0x0A, 0x31, 0x38, 0x0A, 0x31, 0x38, 0x0A, 0x31, 0x38, 0x0A, 0x31, 0x38, 0x0A, 0x31, 0x38,
        0x0A, 0x46, 0x46, 0x0A, 0x46, 0x46, 0x0A, 0x45, 0x4E, 0x44, 0x43, 0x48, 0x41, 0x52, 0x0A, 0x53,
        0x54, 0x41, 0x52, 0x54, 0x43, 0x48, 0x41, 0x52, 0x20, 0x65, 0x6D, 0x64, 0x61, 0x73, 0x68, 0x0A,
        0x45, 0x4E, 0x43, 0x4F, 0x44, 0x49, 0x4E, 0x47, 0x20, 0x2D, 0x31, 0x0A, 0x53, 0x57, 0x49, 0x44,
        0x54, 0x48, 0x20, 0x36, 0x30, 0x30, 0x20, 0x30, 0x0A, 0x44, 0x57, 0x49, 0x44, 0x54, 0x48, 0x20,
        0x31, 0x31, 0x20, 0x30, 0x0A, 0x42, 0x42, 0x58, 0x20, 0x31, 0x31, 0x20, 0x32, 0x20, 0x30, 0x20,
        0x34, 0x0A, 0x42, 0x49, 0x54, 0x4D, 0x41, 0x50, 0x0A, 0x46, 0x46, 0x45, 0x30, 0x0A, 0x46, 0x46,
        0x45, 0x30, 0x0A, 0x45, 0x4E, 0x44, 0x43, 0x48, 0x41, 0x52, 0x0A, 0x53, 0x54, 0x41, 0x52, 0x54,
        0x43, 0x48, 0x41, 0x52, 0x20, 0x63, 0x61, 0x72, 0x6F, 0x6E, 0x0A, 0x45, 0x4E, 0x43, 0x4F, 0x44,
        0x49, 0x4E, 0x47, 0x20, 0x2D, 0x31, 0x0A, 0x53, 0x57, 0x49, 0x44, 0x54, 0x48, 0x20, 0x36, 0x30,
        0x30, 0x20, 0x30, 0x0A, 0x44, 0x57, 0x49, 0x44, 0x54, 0x48, 0x20, 0x31, 0x31, 0x20, 0x30, 0x0A,
        0x42, 0x42, 0x58, 0x20, 0x36, 0x20, 0x33, 0x20, 0x32, 0x20, 0x39, 0x0A, 0x42, 0x49, 0x54, 0x4D,
        0x41, 0x50, 0x0A, 0x43, 0x43, 0x0A, 0x37, 0x38, 0x0A, 0x33, 0x30, 0x0A, 0x45, 0x4E, 0x44, 0x43,
        0x48, 0x41, 0x52, 0x0A, 0x53, 0x54, 0x41, 0x52, 0x54, 0x43, 0x48, 0x41, 0x52, 0x20, 0x6C, 0x73,
        0x6C, 0x61, 0x73, 0x68, 0x0A, 0x45, 0x4E, 0x43, 0x4F, 0x44, 0x49, 0x4E, 0x47, 0x20, 0x2D, 0x31,
        0x0A, 0x53, 0x57, 0x49, 0x44, 0x54, 0x48, 0x20, 0x36, 0x30, 0x30, 0x20, 0x30, 0x0A, 0x44, 0x57,
        0x49, 0x44, 0x54, 0x48, 0x20, 0x31, 0x31, 0x20, 0x30, 0x0A, 0x42, 0x42, 0x58, 0x20, 0x38, 0x20,
        0x31, 0x32, 0x20, 0x31, 0x20, 0x30, 0x0A, 0x42, 0x49, 0x54, 0x4D, 0x41, 0x50, 0x0A, 0x46, 0x38,
        0x0A, 0x46, 0x38, 0x0A, 0x31, 0x38, 0x0A, 0x31, 0x38, 0x0A, 0x31, 0x45, 0x0A, 0x31, 0x43, 0x0A,
        0x33, 0x38, 0x0A, 0x37, 0x38, 0x0A, 0x31, 0x38, 0x0A, 0x31, 0x38, 0x0A, 0x46, 0x46, 0x0A, 0x46,
        0x46, 0x0A, 0x45, 0x4E, 0x44, 0x43, 0x48, 0x41, 0x52, 0x0A, 0x53, 0x54, 0x41, 0x52, 0x54, 0x43,
        0x48, 0x41, 0x52, 0x20, 0x68, 0x75, 0x6E, 0x67, 0x61, 0x72, 0x75, 0x6D, 0x6C, 0x61, 0x75, 0x74,
        0x0A, 0x45, 0x4E, 0x43, 0x4F, 0x44, 0x49, 0x4E, 0x47, 0x20, 0x2D, 0x31, 0x0A, 0x53, 0x57, 0x49,
        0x44, 0x54, 0x48, 0x20, 0x36, 0x30, 0x30, 0x20, 0x30, 0x0A, 0x44, 0x57, 0x49, 0x44, 0x54, 0x48,
        0x20, 0x31, 0x31, 0x20, 0x30, 0x0A, 0x42, 0x42, 0x58, 0x20, 0x37, 0x20, 0x33, 0x20, 0x32, 0x20,
        0x39, 0x0A, 0x42, 0x49, 0x54, 0x4D, 0x41, 0x50, 0x0A, 0x33, 0x36, 0x0A, 0x36, 0x43, 0x0A, 0x44,
        0x38, 0x0A, 0x45, 0x4E, 0x44, 0x43, 0x48, 0x41, 0x52, 0x0A, 0x53, 0x54, 0x41, 0x52, 0x54, 0x43,
        0x48, 0x41, 0x52, 0x20, 0x64, 0x6F, 0x74, 0x61, 0x63, 0x63, 0x65, 0x6E, 0x74, 0x0A, 0x45, 0x4E,
        0x43, 0x4F, 0x44, 0x49, 0x4E, 0x47, 0x20, 0x2D, 0x31, 0x0A, 0x53, 0x57, 0x49, 0x44, 0x54, 0x48,
        0x20, 0x36, 0x30, 0x30, 0x20, 0x30, 0x0A, 0x44, 0x57, 0x49, 0x44, 0x54, 0x48, 0x20, 0x31, 0x31,
        0x20, 0x30, 0x0A, 0x42, 0x42, 0x58, 0x20, 0x32, 0x20, 0x32, 0x20, 0x34, 0x20, 0x39, 0x0A, 0x42,
        0x49, 0x54, 0x4D, 0x41, 0x50, 0x0A, 0x43, 0x30, 0x0A, 0x43, 0x30, 0x0A, 0x45, 0x4E, 0x44, 0x43,
        0x48, 0x41, 0x52, 0x0A, 0x53, 0x54, 0x41, 0x52, 0x54, 0x43, 0x48, 0x41, 0x52, 0x20, 0x62, 0x72,
        0x65, 0x76, 0x65, 0x0A, 0x45, 0x4E, 0x43, 0x4F, 0x44, 0x49, 0x4E, 0x47, 0x20, 0x2D, 0x31, 0x0A,
        0x53, 0x57, 0x49, 0x44, 0x54, 0x48, 0x20, 0x36, 0x30, 0x30, 0x20, 0x30, 0x0A, 0x44, 0x57, 0x49,
        0x44, 0x54, 0x48, 0x20, 0x31, 0x31, 0x20, 0x30, 0x0A, 0x42, 0x42, 0x58, 0x20, 0x36, 0x20, 0x32,
        0x20, 0x32, 0x20, 0x39, 0x0A, 0x42, 0x49, 0x54, 0x4D, 0x41, 0x50, 0x0A, 0x43, 0x43, 0x0A, 0x37,
        0x38, 0x0A, 0x45, 0x4E, 0x44, 0x43, 0x48, 0x41, 0x52, 0x0A, 0x53, 0x54, 0x41, 0x52, 0x54, 0x43,
        0x48, 0x41, 0x52, 0x20, 0x63, 0x69, 0x72, 0x63, 0x75, 0x6D, 0x66, 0x6C, 0x65, 0x78, 0x0A, 0x45,
        0x4E, 0x43, 0x4F, 0x44, 0x49, 0x4E, 0x47, 0x20, 0x2D, 0x31, 0x0A, 0x53, 0x57, 0x49, 0x44, 0x54,
        0x48, 0x20, 0x36, 0x30, 0x30, 0x20, 0x30, 0x0A, 0x44, 0x57, 0x49, 0x44, 0x54, 0x48, 0x20, 0x31,
        0x31, 0x20, 0x30, 0x0A, 0x42, 0x42, 0x58, 0x20, 0x36, 0x20, 0x33, 0x20, 0x32, 0x20, 0x39, 0x0A,
        0x42, 0x49, 0x54, 0x4D, 0x41, 0x50, 0x0A, 0x33, 0x30, 0x0A, 0x37, 0x38, 0x0A, 0x43, 0x43, 0x0A,
        0x45, 0x4E, 0x44, 0x43, 0x48, 0x41, 0x52, 0x0A, 0x53, 0x54, 0x41, 0x52, 0x54, 0x43, 0x48, 0x41,
        0x52, 0x20, 0x67, 0x72, 0x61, 0x76, 0x65, 0x0A, 0x45, 0x4E, 0x43, 0x4F, 0x44, 0x49, 0x4E, 0x47,
        0x20, 0x2D, 0x31, 0x0A, 0x53, 0x57, 0x49, 0x44, 0x54, 0x48, 0x20, 0x36, 0x30, 0x30, 0x20, 0x30,
        0x0A, 0x44, 0x57, 0x49, 0x44, 0x54, 0x48, 0x20, 0x31, 0x31, 0x20, 0x30, 0x0A, 0x42, 0x42, 0x58,
        0x20, 0x34, 0x20, 0x33, 0x20, 0x33, 0x20, 0x39, 0x0A, 0x42, 0x49, 0x54, 0x4D, 0x41, 0x50, 0x0A,
        0x43, 0x30, 0x0A, 0x36, 0x30, 0x0A, 0x33, 0x30, 0x0A, 0x45, 0x4E, 0x44, 0x43, 0x48, 0x41, 0x52,
        0x0A, 0x53, 0x54, 0x41, 0x52, 0x54, 0x43, 0x48, 0x41, 0x52, 0x20, 0x6F, 0x67, 0x6F, 0x6E, 0x65,
        0x6B, 0x0A, 0x45, 0x4E, 0x43, 0x4F, 0x44, 0x49, 0x4E, 0x47, 0x20, 0x2D, 0x31, 0x0A, 0x53, 0x57,
        0x49, 0x44, 0x54, 0x48, 0x20, 0x36, 0x30, 0x30, 0x20, 0x30, 0x0A, 0x44, 0x57, 0x49, 0x44, 0x54,
        0x48, 0x20, 0x31, 0x31, 0x20, 0x30, 0x0A, 0x42, 0x42, 0x58, 0x20, 0x34, 0x20, 0x34, 0x20, 0x33,
        0x20, 0x2D, 0x34, 0x0A, 0x42, 0x49, 0x54, 0x4D, 0x41, 0x50, 0x0A, 0x36, 0x30, 0x0A, 0x43, 0x30,
        0x0A, 0x43, 0x30, 0x0A, 0x37, 0x30, 0x0A, 0x45, 0x4E, 0x44, 0x43, 0x48, 0x41, 0x52, 0x0A, 0x53,
        0x54, 0x41, 0x52, 0x54, 0x43, 0x48, 0x41, 0x52, 0x20, 0x65, 0x6C, 0x6C, 0x69, 0x70, 0x73, 0x69,
        0x73, 0x0A, 0x45, 0x4E, 0x43, 0x4F, 0x44, 0x49, 0x4E, 0x47, 0x20, 0x2D, 0x31, 0x0A, 0x53, 0x57,
        0x49, 0x44, 0x54, 0x48, 0x20, 0x36, 0x30, 0x30, 0x20, 0x30, 0x0A, 0x44, 0x57, 0x49, 0x44, 0x54,
        0x48, 0x20, 0x31, 0x31, 0x20, 0x30, 0x0A, 0x42, 0x42, 0x58, 0x20, 0x31, 0x30, 0x20, 0x32, 0x20,
        0x31, 0x20, 0x30, 0x0A, 0x42, 0x49, 0x54, 0x4D, 0x41, 0x50, 0x0A, 0x43, 0x43, 0x43, 0x30, 0x0A,
        0x43, 0x43, 0x43, 0x30, 0x0A, 0x45, 0x4E, 0x44, 0x43, 0x48, 0x41, 0x52, 0x0A, 0x53, 0x54, 0x41,
        0x52, 0x54, 0x43, 0x48, 0x41, 0x52, 0x20, 0x62, 0x75, 0x6C, 0x6C, 0x65, 0x74, 0x0A, 0x45, 0x4E,
        0x43, 0x4F, 0x44, 0x49, 0x4E, 0x47, 0x20, 0x2D, 0x31, 0x0A, 0x53, 0x57, 0x49, 0x44, 0x54, 0x48,
        0x20, 0x36, 0x30, 0x30, 0x20, 0x30, 0x0A, 0x44, 0x57, 0x49, 0x44, 0x54, 0x48, 0x20, 0x31, 0x31,
        0x20, 0x30, 0x0A, 0x42, 0x42, 0x58, 0x20, 0x35, 0x20, 0x35, 0x20, 0x33, 0x20, 0x34, 0x0A, 0x42,
        0x49, 0x54, 0x4D, 0x41, 0x50, 0x0A, 0x37, 0x30, 0x0A, 0x46, 0x38, 0x0A, 0x46, 0x38, 0x0A, 0x46,
        0x38, 0x0A, 0x37, 0x30, 0x0A, 0x45, 0x4E, 0x44, 0x43, 0x48, 0x41, 0x52, 0x0A, 0x53, 0x54, 0x41,
        0x52, 0x54, 0x43, 0x48, 0x41, 0x52, 0x20, 0x71, 0x75, 0x6F, 0x74, 0x65, 0x64, 0x62, 0x6C, 0x62,
        0x61, 0x73, 0x65, 0x0A, 0x45, 0x4E, 0x43, 0x4F, 0x44, 0x49, 0x4E, 0x47, 0x20, 0x2D, 0x31, 0x0A,
        0x53, 0x57, 0x49, 0x44, 0x54, 0x48, 0x20, 0x36, 0x30, 0x30, 0x20, 0x30, 0x0A, 0x44, 0x57, 0x49,
        0x44, 0x54, 0x48, 0x20, 0x31, 0x31, 0x20, 0x30, 0x0A, 0x42, 0x42, 0x58, 0x20, 0x37, 0x20, 0x35,
        0x20, 0x31, 0x20, 0x2D, 0x33, 0x0A, 0x42, 0x49, 0x54, 0x4D, 0x41, 0x50, 0x0A, 0x33, 0x36, 0x0A,
        0x33, 0x36, 0x0A, 0x36, 0x43, 0x0A, 0x36, 0x43, 0x0A, 0x44, 0x38, 0x0A, 0x45, 0x4E, 0x44, 0x43,
        0x48, 0x41, 0x52, 0x0A, 0x53, 0x54, 0x41, 0x52, 0x54, 0x43, 0x48, 0x41, 0x52, 0x20, 0x64, 0x61,
        0x67, 0x67, 0x65, 0x72, 0x64, 0x62, 0x6C, 0x0A, 0x45, 0x4E, 0x43, 0x4F, 0x44, 0x49, 0x4E, 0x47,
        0x20, 0x2D, 0x31, 0x0A, 0x53, 0x57, 0x49, 0x44, 0x54, 0x48, 0x20, 0x36, 0x30, 0x30, 0x20, 0x30,
        0x0A, 0x44, 0x57, 0x49, 0x44, 0x54, 0x48, 0x20, 0x31, 0x31, 0x20, 0x30, 0x0A, 0x42, 0x42, 0x58,
        0x20, 0x38, 0x20, 0x31, 0x34, 0x20, 0x31, 0x20, 0x2D, 0x32, 0x0A, 0x42, 0x49, 0x54, 0x4D, 0x41,
        0x50, 0x0A, 0x31, 0x38, 0x0A, 0x31, 0x38, 0x0A, 0x31, 0x38, 0x0A, 0x46, 0x46, 0x0A, 0x46, 0x46,
        0x0A, 0x31, 0x38, 0x0A, 0x31, 0x38, 0x0A, 0x31, 0x38, 0x0A, 0x46, 0x46, 0x0A, 0x46, 0x46, 0x0A,
        0x31, 0x38, 0x0A, 0x31, 0x38, 0x0A, 0x31, 0x38, 0x0A, 0x31, 0x38, 0x0A, 0x45, 0x4E, 0x44, 0x43,
        0x48, 0x41, 0x52, 0x0A, 0x53, 0x54, 0x41, 0x52, 0x54, 0x43, 0x48, 0x41, 0x52, 0x20, 0x64, 0x61,
        0x67, 0x67, 0x65, 0x72, 0x0A, 0x45, 0x4E, 0x43, 0x4F, 0x44, 0x49, 0x4E, 0x47, 0x20, 0x2D, 0x31,
        0x0A, 0x53, 0x57, 0x49, 0x44, 0x54, 0x48, 0x20, 0x36, 0x30, 0x30, 0x20, 0x30, 0x0A, 0x44, 0x57,
        0x49, 0x44, 0x54, 0x48, 0x20, 0x31, 0x31, 0x20, 0x30, 0x0A, 0x42, 0x42, 0x58, 0x20, 0x38, 0x20,
        0x31, 0x34, 0x20, 0x31, 0x20, 0x2D, 0x32, 0x0A, 0x42, 0x49, 0x54, 0x4D, 0x41, 0x50, 0x0A, 0x31,
        0x38, 0x0A, 0x31, 0x38, 0x0A, 0x31, 0x38, 0x0A, 0x46, 0x46, 0x0A, 0x46, 0x46, 0x0A, 0x31, 0x38,
        0x0A, 0x31, 0x38, 0x0A, 0x31, 0x38, 0x0A, 0x31, 0x38, 0x0A, 0x31, 0x38, 0x0A, 0x31, 0x38, 0x0A,
        0x31, 0x38, 0x0A, 0x31, 0x38, 0x0A, 0x31, 0x38, 0x0A, 0x45, 0x4E, 0x44, 0x43, 0x48, 0x41, 0x52,
        0x0A, 0x53, 0x54, 0x41, 0x52, 0x54, 0x43, 0x48, 0x41, 0x52, 0x20, 0x65, 0x6E, 0x64, 0x61, 0x73,
        0x68, 0x0A, 0x45, 0x4E, 0x43, 0x4F, 0x44, 0x49, 0x4E, 0x47, 0x20, 0x2D, 0x31, 0x0A, 0x53, 0x57,
        0x49, 0x44, 0x54, 0x48, 0x20, 0x36, 0x30, 0x30, 0x20, 0x30, 0x0A, 0x44, 0x57, 0x49, 0x44, 0x54,
        0x48, 0x20, 0x31, 0x31, 0x20, 0x30, 0x0A, 0x42, 0x42, 0x58, 0x20, 0x31, 0x30, 0x20, 0x32, 0x20,
        0x30, 0x20, 0x34, 0x0A, 0x42, 0x49, 0x54, 0x4D, 0x41, 0x50, 0x0A, 0x46, 0x46, 0x43, 0x30, 0x0A,
        0x46, 0x46, 0x43, 0x30, 0x0A, 0x45, 0x4E, 0x44, 0x43, 0x48, 0x41, 0x52, 0x0A, 0x53, 0x54, 0x41,
        0x52, 0x54, 0x43, 0x48, 0x41, 0x52, 0x20, 0x71, 0x75, 0x6F, 0x74, 0x65, 0x64, 0x62, 0x6C, 0x72,
        0x69, 0x67, 0x68, 0x74, 0x0A, 0x45, 0x4E, 0x43, 0x4F, 0x44, 0x49, 0x4E, 0x47, 0x20, 0x2D, 0x31,
        0x0A, 0x53, 0x57, 0x49, 0x44, 0x54, 0x48, 0x20, 0x36, 0x30, 0x30, 0x20, 0x30, 0x0A, 0x44, 0x57,
        0x49, 0x44, 0x54, 0x48, 0x20, 0x31, 0x31, 0x20, 0x30, 0x0A, 0x42, 0x42, 0x58, 0x20, 0x37, 0x20,
        0x35, 0x20, 0x32, 0x20, 0x37, 0x0A, 0x42, 0x49, 0x54, 0x4D, 0x41, 0x50, 0x0A, 0x33, 0x36, 0x0A,
        0x33, 0x36, 0x0A, 0x36, 0x43, 0x0A, 0x36, 0x43, 0x0A, 0x44, 0x38, 0x0A, 0x45, 0x4E, 0x44, 0x43,
        0x48, 0x41, 0x52, 0x0A, 0x53, 0x54, 0x41, 0x52, 0x54, 0x43, 0x48, 0x41, 0x52, 0x20, 0x71, 0x75,
        0x6F, 0x74, 0x65, 0x73, 0x69, 0x6E, 0x67, 0x6C, 0x62, 0x61, 0x73, 0x65, 0x0A, 0x45, 0x4E, 0x43,
        0x4F, 0x44, 0x49, 0x4E, 0x47, 0x20, 0x2D, 0x31, 0x0A, 0x53, 0x57, 0x49, 0x44, 0x54, 0x48, 0x20,
        0x36, 0x30, 0x30, 0x20, 0x30, 0x0A, 0x44, 0x57, 0x49, 0x44, 0x54, 0x48, 0x20, 0x31, 0x31, 0x20,
        0x30, 0x0A, 0x42, 0x42, 0x58, 0x20, 0x34, 0x20, 0x35, 0x20, 0x33, 0x20, 0x2D, 0x33, 0x0A, 0x42,
        0x49, 0x54, 0x4D, 0x41, 0x50, 0x0A, 0x33, 0x30, 0x0A, 0x33, 0x30, 0x0A, 0x36, 0x30, 0x0A, 0x36,
        0x30, 0x0A, 0x43, 0x30, 0x0A, 0x45, 0x4E, 0x44, 0x43, 0x48, 0x41, 0x52, 0x0A, 0x53, 0x54, 0x41,
        0x52, 0x54, 0x43, 0x48, 0x41, 0x52, 0x20, 0x72, 0x69, 0x6E, 0x67, 0x0A, 0x45, 0x4E, 0x43, 0x4F,
        0x44, 0x49, 0x4E, 0x47, 0x20, 0x2D, 0x31, 0x0A, 0x53, 0x57, 0x49, 0x44, 0x54, 0x48, 0x20, 0x36,
        0x30, 0x30, 0x20, 0x30, 0x0A, 0x44, 0x57, 0x49, 0x44, 0x54, 0x48, 0x20, 0x31, 0x31, 0x20, 0x30,
        0x0A, 0x42, 0x42, 0x58, 0x20, 0x34, 0x20, 0x34, 0x20, 0x33, 0x20, 0x38, 0x0A, 0x42, 0x49, 0x54,
        0x4D, 0x41, 0x50, 0x0A, 0x36, 0x30, 0x0A, 0x39, 0x30, 0x0A, 0x39, 0x30, 0x0A, 0x36, 0x30, 0x0A,
        0x45, 0x4E, 0x44, 0x43, 0x48, 0x41, 0x52, 0x0A, 0x53, 0x54, 0x41, 0x52, 0x54, 0x43, 0x48, 0x41,
        0x52, 0x20, 0x67, 0x75, 0x69, 0x6C, 0x73, 0x69, 0x6E, 0x67, 0x6C, 0x72, 0x69, 0x67, 0x68, 0x74,
        0x0A, 0x45, 0x4E, 0x43, 0x4F, 0x44, 0x49, 0x4E, 0x47, 0x20, 0x2D, 0x31, 0x0A, 0x53, 0x57, 0x49,
        0x44, 0x54, 0x48, 0x20, 0x36, 0x30, 0x30, 0x20, 0x30, 0x0A, 0x44, 0x57, 0x49, 0x44, 0x54, 0x48,
        0x20, 0x31, 0x31, 0x20, 0x30, 0x0A, 0x42, 0x42, 0x58, 0x20, 0x35, 0x20, 0x37, 0x20, 0x33, 0x20,
        0x31, 0x0A, 0x42, 0x49, 0x54, 0x4D, 0x41, 0x50, 0x0A, 0x43, 0x30, 0x0A, 0x36, 0x30, 0x0A, 0x33,
        0x30, 0x0A, 0x31, 0x38, 0x0A, 0x33, 0x30, 0x0A, 0x36, 0x30, 0x0A, 0x43, 0x30, 0x0A, 0x45, 0x4E,
        0x44, 0x43, 0x48, 0x41, 0x52, 0x0A, 0x53, 0x54, 0x41, 0x52, 0x54, 0x43, 0x48, 0x41, 0x52, 0x20,
        0x67, 0x75, 0x69, 0x6C, 0x73, 0x69, 0x6E, 0x67, 0x6C, 0x6C, 0x65, 0x66, 0x74, 0x0A, 0x45, 0x4E,
        0x43, 0x4F, 0x44, 0x49, 0x4E, 0x47, 0x20, 0x2D, 0x31, 0x0A, 0x53, 0x57, 0x49, 0x44, 0x54, 0x48,
        0x20, 0x36, 0x30, 0x30, 0x20, 0x30, 0x0A, 0x44, 0x57, 0x49, 0x44, 0x54, 0x48, 0x20, 0x31, 0x31,
        0x20, 0x30, 0x0A, 0x42, 0x42, 0x58, 0x20, 0x35, 0x20, 0x37, 0x20, 0x32, 0x20, 0x31, 0x0A, 0x42,
        0x49, 0x54, 0x4D, 0x41, 0x50, 0x0A, 0x31, 0x38, 0x0A, 0x33, 0x30, 0x0A, 0x36, 0x30, 0x0A, 0x43,
        0x30, 0x0A, 0x36, 0x30, 0x0A, 0x33, 0x30, 0x0A, 0x31, 0x38, 0x0A, 0x45, 0x4E, 0x44, 0x43, 0x48,
        0x41, 0x52, 0x0A, 0x53, 0x54, 0x41, 0x52, 0x54, 0x43, 0x48, 0x41, 0x52, 0x20, 0x71, 0x75, 0x6F,
        0x74, 0x65, 0x64, 0x62, 0x6C, 0x6C, 0x65, 0x66, 0x74, 0x0A, 0x45, 0x4E, 0x43, 0x4F, 0x44, 0x49,
        0x4E, 0x47, 0x20, 0x2D, 0x31, 0x0A, 0x53, 0x57, 0x49, 0x44, 0x54, 0x48, 0x20, 0x36, 0x30, 0x30,
        0x20, 0x30, 0x0A, 0x44, 0x57, 0x49, 0x44, 0x54, 0x48, 0x20, 0x31, 0x31, 0x20, 0x30, 0x0A, 0x42,
        0x42, 0x58, 0x20, 0x37, 0x20, 0x35, 0x20, 0x32, 0x20, 0x37, 0x0A, 0x42, 0x49, 0x54, 0x4D, 0x41,
        0x50, 0x0A, 0x44, 0x38, 0x0A, 0x44, 0x38, 0x0A, 0x36, 0x43, 0x0A, 0x36, 0x43, 0x0A, 0x33, 0x36,
        0x0A, 0x45, 0x4E, 0x44, 0x43, 0x48, 0x41, 0x52, 0x0A, 0x53, 0x54, 0x41, 0x52, 0x54, 0x43, 0x48,
        0x41, 0x52, 0x20, 0x71, 0x75, 0x6F, 0x74, 0x65, 0x73, 0x69, 0x6E, 0x67, 0x6C, 0x65, 0x0A, 0x45,
        0x4E, 0x43, 0x4F, 0x44, 0x49, 0x4E, 0x47, 0x20, 0x2D, 0x31, 0x0A, 0x53, 0x57, 0x49, 0x44, 0x54,
        0x48, 0x20, 0x36, 0x30, 0x30, 0x20, 0x30, 0x0A, 0x44, 0x57, 0x49, 0x44, 0x54, 0x48, 0x20, 0x31,
        0x31, 0x20, 0x30, 0x0A, 0x42, 0x42, 0x58, 0x20, 0x32, 0x20, 0x36, 0x20, 0x34, 0x20, 0x36, 0x0A,
        0x42, 0x49, 0x54, 0x4D, 0x41, 0x50, 0x0A, 0x43, 0x30, 0x0A, 0x43, 0x30, 0x0A, 0x43, 0x30, 0x0A,
        0x43, 0x30, 0x0A, 0x38, 0x30, 0x0A, 0x38, 0x30, 0x0A, 0x45, 0x4E, 0x44, 0x43, 0x48, 0x41, 0x52,
        0x0A, 0x53, 0x54, 0x41, 0x52, 0x54, 0x43, 0x48, 0x41, 0x52, 0x20, 0x73, 0x63, 0x61, 0x72, 0x6F,
        0x6E, 0x0A, 0x45, 0x4E, 0x43, 0x4F, 0x44, 0x49, 0x4E, 0x47, 0x20, 0x2D, 0x31, 0x0A, 0x53, 0x57,
        0x49, 0x44, 0x54, 0x48, 0x20, 0x36, 0x30, 0x30, 0x20, 0x30, 0x0A, 0x44, 0x57, 0x49, 0x44, 0x54,
        0x48, 0x20, 0x31, 0x31, 0x20, 0x30, 0x0A, 0x42, 0x42, 0x58, 0x20, 0x38, 0x20, 0x31, 0x32, 0x20,
        0x31, 0x20, 0x30, 0x0A, 0x42, 0x49, 0x54, 0x4D, 0x41, 0x50, 0x0A, 0x36, 0x36, 0x0A, 0x33, 0x43,
        0x0A, 0x31, 0x38, 0x0A, 0x37, 0x46, 0x0A, 0x46, 0x46, 0x0A, 0x43, 0x33, 0x0A, 0x46, 0x30, 0x0A,
        0x37, 0x45, 0x0A, 0x31, 0x46, 0x0A, 0x43, 0x33, 0x0A, 0x46, 0x46, 0x0A, 0x46, 0x45, 0x0A, 0x45,
        0x4E, 0x44, 0x43, 0x48, 0x41, 0x52, 0x0A, 0x53, 0x54, 0x41, 0x52, 0x54, 0x43, 0x48, 0x41, 0x52,
        0x20, 0x66, 0x6C, 0x6F, 0x72, 0x69, 0x6E, 0x0A, 0x45, 0x4E, 0x43, 0x4F, 0x44, 0x49, 0x4E, 0x47,
        0x20, 0x2D, 0x31, 0x0A, 0x53, 0x57, 0x49, 0x44, 0x54, 0x48, 0x20, 0x36, 0x30, 0x30, 0x20, 0x30,
        0x0A, 0x44, 0x57, 0x49, 0x44, 0x54, 0x48, 0x20, 0x31, 0x31, 0x20, 0x30, 0x0A, 0x42, 0x42, 0x58,
        0x20, 0x38, 0x20, 0x31, 0x34, 0x20, 0x31, 0x20, 0x2D, 0x32, 0x0A, 0x42, 0x49, 0x54, 0x4D, 0x41,
        0x50, 0x0A, 0x30, 0x37, 0x0A, 0x30, 0x46, 0x0A, 0x31, 0x38, 0x0A, 0x31, 0x38, 0x0A, 0x37, 0x45,
        0x0A, 0x37, 0x45, 0x0A, 0x31, 0x38, 0x0A, 0x31, 0x38, 0x0A, 0x31, 0x38, 0x0A, 0x31, 0x38, 0x0A,
        0x31, 0x38, 0x0A, 0x31, 0x38, 0x0A, 0x46, 0x30, 0x0A, 0x45, 0x30, 0x0A, 0x45, 0x4E, 0x44, 0x43,
        0x48, 0x41, 0x52, 0x0A, 0x53, 0x54, 0x41, 0x52, 0x54, 0x43, 0x48, 0x41, 0x52, 0x20, 0x66, 0x72,
        0x61, 0x63, 0x74, 0x69, 0x6F, 0x6E, 0x0A, 0x45, 0x4E, 0x43, 0x4F, 0x44, 0x49, 0x4E, 0x47, 0x20,
        0x2D, 0x31, 0x0A, 0x53, 0x57, 0x49, 0x44, 0x54, 0x48, 0x20, 0x36, 0x30, 0x30, 0x20, 0x30, 0x0A,
        0x44, 0x57, 0x49, 0x44, 0x54, 0x48, 0x20, 0x31, 0x31, 0x20, 0x30, 0x0A, 0x42, 0x42, 0x58, 0x20,
        0x31, 0x30, 0x20, 0x36, 0x20, 0x30, 0x20, 0x32, 0x0A, 0x42, 0x49, 0x54, 0x4D, 0x41, 0x50, 0x0A,
        0x30, 0x30, 0x43, 0x30, 0x0A, 0x30, 0x33, 0x43, 0x30, 0x0A, 0x30, 0x46, 0x30, 0x30, 0x0A, 0x33,
        0x43, 0x30, 0x30, 0x0A, 0x46, 0x30, 0x30, 0x30, 0x0A, 0x43, 0x30, 0x30, 0x30, 0x0A, 0x45, 0x4E,
        0x44, 0x43, 0x48, 0x41, 0x52, 0x0A, 0x53, 0x54, 0x41, 0x52, 0x54, 0x43, 0x48, 0x41, 0x52, 0x20,
        0x74, 0x69, 0x6C, 0x64, 0x65, 0x0A, 0x45, 0x4E, 0x43, 0x4F, 0x44, 0x49, 0x4E, 0x47, 0x20, 0x2D,
        0x31, 0x0A, 0x53, 0x57, 0x49, 0x44, 0x54, 0x48, 0x20, 0x36, 0x30, 0x30, 0x20, 0x30, 0x0A, 0x44,
        0x57, 0x49, 0x44, 0x54, 0x48, 0x20, 0x31, 0x31, 0x20, 0x30, 0x0A, 0x42, 0x42, 0x58, 0x20, 0x37,
        0x20, 0x32, 0x20, 0x32, 0x20, 0x39, 0x0A, 0x42, 0x49, 0x54, 0x4D, 0x41, 0x50, 0x0A, 0x37, 0x36,
        0x0A, 0x44, 0x43, 0x0A, 0x45, 0x4E, 0x44, 0x43, 0x48, 0x41, 0x52, 0x0A, 0x53, 0x54, 0x41, 0x52,
        0x54, 0x43, 0x48, 0x41, 0x52, 0x20, 0x7A, 0x63, 0x61, 0x72, 0x6F, 0x6E, 0x0A, 0x45, 0x4E, 0x43,
        0x4F, 0x44, 0x49, 0x4E, 0x47, 0x20, 0x2D, 0x31, 0x0A, 0x53, 0x57, 0x49, 0x44, 0x54, 0x48, 0x20,
        0x36, 0x30, 0x30, 0x20, 0x30, 0x0A, 0x44, 0x57, 0x49, 0x44, 0x54, 0x48, 0x20, 0x31, 0x31, 0x20,
        0x30, 0x0A, 0x42, 0x42, 0x58, 0x20, 0x38, 0x20, 0x31, 0x32, 0x20, 0x31, 0x20, 0x30, 0x0A, 0x42,
        0x49, 0x54, 0x4D, 0x41, 0x50, 0x0A, 0x36, 0x36, 0x0A, 0x33, 0x43, 0x0A, 0x31, 0x38, 0x0A, 0x46,
        0x46, 0x0A, 0x46, 0x46, 0x0A, 0x43, 0x36, 0x0A, 0x30, 0x43, 0x0A, 0x31, 0x38, 0x0A, 0x33, 0x30,
        0x0A, 0x36, 0x33, 0x0A, 0x46, 0x46, 0x0A, 0x46, 0x46, 0x0A, 0x45, 0x4E, 0x44, 0x43, 0x48, 0x41,
        0x52, 0x0A, 0x53, 0x54, 0x41, 0x52, 0x54, 0x43, 0x48, 0x41, 0x52, 0x20, 0x4F, 0x45, 0x0A, 0x45,
        0x4E, 0x43, 0x4F, 0x44, 0x49, 0x4E, 0x47, 0x20, 0x2D, 0x31, 0x0A, 0x53, 0x57, 0x49, 0x44, 0x54,
        0x48, 0x20, 0x36, 0x30, 0x30, 0x20, 0x30, 0x0A, 0x44, 0x57, 0x49, 0x44, 0x54, 0x48, 0x20, 0x31,
        0x31, 0x20, 0x30, 0x0A, 0x42, 0x42, 0x58, 0x20, 0x31, 0x31, 0x20, 0x31, 0x31, 0x20, 0x30, 0x20,
        0x30, 0x0A, 0x42, 0x49, 0x54, 0x4D, 0x41, 0x50, 0x0A, 0x33, 0x46, 0x45, 0x30, 0x0A, 0x37, 0x46,
        0x45, 0x30, 0x0A, 0x45, 0x36, 0x36, 0x30, 0x0A, 0x43, 0x36, 0x30, 0x30, 0x0A, 0x43, 0x37, 0x43,
        0x30, 0x0A, 0x43, 0x37, 0x43, 0x30, 0x0A, 0x43, 0x36, 0x30, 0x30, 0x0A, 0x43, 0x36, 0x30, 0x30,
        0x0A, 0x45, 0x36, 0x36, 0x30, 0x0A, 0x37, 0x46, 0x45, 0x30, 0x0A, 0x33, 0x46, 0x45, 0x30, 0x0A,
        0x45, 0x4E, 0x44, 0x43, 0x48, 0x41, 0x52, 0x0A, 0x53, 0x54, 0x41, 0x52, 0x54, 0x43, 0x48, 0x41,
        0x52, 0x20, 0x66, 0x69, 0x0A, 0x45, 0x4E, 0x43, 0x4F, 0x44, 0x49, 0x4E, 0x47, 0x20, 0x2D, 0x31,
        0x0A, 0x53, 0x57, 0x49, 0x44, 0x54, 0x48, 0x20, 0x36, 0x30, 0x30, 0x20, 0x30, 0x0A, 0x44, 0x57,
        0x49, 0x44, 0x54, 0x48, 0x20, 0x31, 0x31, 0x20, 0x30, 0x0A, 0x42, 0x42, 0x58, 0x20, 0x31, 0x31,
        0x20, 0x31, 0x32, 0x20, 0x30, 0x20, 0x30, 0x0A, 0x42, 0x49, 0x54, 0x4D, 0x41, 0x50, 0x0A, 0x31,
        0x44, 0x38, 0x30, 0x0A, 0x33, 0x44, 0x38, 0x30, 0x0A, 0x33, 0x30, 0x30, 0x30, 0x0A, 0x46, 0x42,
        0x38, 0x30, 0x0A, 0x46, 0x42, 0x38, 0x30, 0x0A, 0x33, 0x31, 0x38, 0x30, 0x0A, 0x33, 0x31, 0x38,
        0x30, 0x0A, 0x33, 0x31, 0x38, 0x30, 0x0A, 0x33, 0x31, 0x38, 0x30, 0x0A, 0x33, 0x31, 0x38, 0x30,
        0x0A, 0x46, 0x42, 0x45, 0x30, 0x0A, 0x46, 0x42, 0x45, 0x30, 0x0A, 0x45, 0x4E, 0x44, 0x43, 0x48,
        0x41, 0x52, 0x0A, 0x53, 0x54, 0x41, 0x52, 0x54, 0x43, 0x48, 0x41, 0x52, 0x20, 0x66, 0x6C, 0x0A,
        0x45, 0x4E, 0x43, 0x4F, 0x44, 0x49, 0x4E, 0x47, 0x20, 0x2D, 0x31, 0x0A, 0x53, 0x57, 0x49, 0x44,
        0x54, 0x48, 0x20, 0x36, 0x30, 0x30, 0x20, 0x30, 0x0A, 0x44, 0x57, 0x49, 0x44, 0x54, 0x48, 0x20,
        0x31, 0x31, 0x20, 0x30, 0x0A, 0x42, 0x42, 0x58, 0x20, 0x31, 0x31, 0x20, 0x31, 0x32, 0x20, 0x30,
        0x20, 0x30, 0x0A, 0x42, 0x49, 0x54, 0x4D, 0x41, 0x50, 0x0A, 0x31, 0x44, 0x38, 0x30, 0x0A, 0x33,
        0x46, 0x38, 0x30, 0x0A, 0x33, 0x31, 0x38, 0x30, 0x0A, 0x46, 0x44, 0x38, 0x30, 0x0A, 0x46, 0x44,
        0x38, 0x30, 0x0A, 0x33, 0x31, 0x38, 0x30, 0x0A, 0x33, 0x31, 0x38, 0x30, 0x0A, 0x33, 0x31, 0x38,
        0x30, 0x0A, 0x33, 0x31, 0x38, 0x30, 0x0A, 0x33, 0x31, 0x38, 0x30, 0x0A, 0x46, 0x42, 0x45, 0x30,
        0x0A, 0x46, 0x42, 0x45, 0x30, 0x0A, 0x45, 0x4E, 0x44, 0x43, 0x48, 0x41, 0x52, 0x0A, 0x53, 0x54,
        0x41, 0x52, 0x54, 0x43, 0x48, 0x41, 0x52, 0x20, 0x6F, 0x65, 0x0A, 0x45, 0x4E, 0x43, 0x4F, 0x44,
        0x49, 0x4E, 0x47, 0x20, 0x2D, 0x31, 0x0A, 0x53, 0x57, 0x49, 0x44, 0x54, 0x48, 0x20, 0x36, 0x30,
        0x30, 0x20, 0x30, 0x0A, 0x44, 0x57, 0x49, 0x44, 0x54, 0x48, 0x20, 0x31, 0x31, 0x20, 0x30, 0x0A,
        0x42, 0x42, 0x58, 0x20, 0x31, 0x31, 0x20, 0x39, 0x20, 0x30, 0x20, 0x30, 0x0A, 0x42, 0x49, 0x54,
        0x4D, 0x41, 0x50, 0x0A, 0x33, 0x39, 0x38, 0x30, 0x0A, 0x37, 0x46, 0x43, 0x30, 0x0A, 0x45, 0x36,
        0x36, 0x30, 0x0A, 0x43, 0x36, 0x36, 0x30, 0x0A, 0x43, 0x37, 0x45, 0x30, 0x0A, 0x43, 0x37, 0x45,
        0x30, 0x0A, 0x45, 0x36, 0x30, 0x30, 0x0A, 0x37, 0x46, 0x45, 0x30, 0x0A, 0x33, 0x39, 0x43, 0x30,
        0x0A, 0x45, 0x4E, 0x44, 0x43, 0x48, 0x41, 0x52, 0x0A, 0x53, 0x54, 0x41, 0x52, 0x54, 0x43, 0x48,
        0x41, 0x52, 0x20, 0x70, 0x65, 0x72, 0x74, 0x68, 0x6F, 0x75, 0x73, 0x61, 0x6E, 0x64, 0x0A, 0x45,
        0x4E, 0x43, 0x4F, 0x44, 0x49, 0x4E, 0x47, 0x20, 0x2D, 0x31, 0x0A, 0x53, 0x57, 0x49, 0x44, 0x54,
        0x48, 0x20, 0x36, 0x30, 0x30, 0x20, 0x30, 0x0A, 0x44, 0x57, 0x49, 0x44, 0x54, 0x48, 0x20, 0x31,
        0x31, 0x20, 0x30, 0x0A, 0x42, 0x42, 0x58, 0x20, 0x31, 0x30, 0x20, 0x31, 0x31, 0x20, 0x30, 0x20,
        0x30, 0x0A, 0x42, 0x49, 0x54, 0x4D, 0x41, 0x50, 0x0A, 0x37, 0x30, 0x30, 0x30, 0x0A, 0x39, 0x30,
        0x30, 0x30, 0x0A, 0x39, 0x30, 0x30, 0x30, 0x0A, 0x45, 0x31, 0x38, 0x30, 0x0A, 0x30, 0x46, 0x30,
        0x30, 0x0A, 0x37, 0x38, 0x30, 0x30, 0x0A, 0x43, 0x30, 0x30, 0x30, 0x0A, 0x33, 0x39, 0x43, 0x30,
        0x0A, 0x34, 0x41, 0x34, 0x30, 0x0A, 0x34, 0x41, 0x34, 0x30, 0x0A, 0x37, 0x33, 0x38, 0x30, 0x0A,
        0x45, 0x4E, 0x44, 0x43, 0x48, 0x41, 0x52, 0x0A, 0x53, 0x54, 0x41, 0x52, 0x54, 0x43, 0x48, 0x41,
        0x52, 0x20, 0x74, 0x72, 0x61, 0x64, 0x65, 0x6D, 0x61, 0x72, 0x6B, 0x0A, 0x45, 0x4E, 0x43, 0x4F,
        0x44, 0x49, 0x4E, 0x47, 0x20, 0x2D, 0x31, 0x0A, 0x53, 0x57, 0x49, 0x44, 0x54, 0x48, 0x20, 0x36,
        0x30, 0x30, 0x20, 0x30, 0x0A, 0x44, 0x57, 0x49, 0x44, 0x54, 0x48, 0x20, 0x31, 0x31, 0x20, 0x30,
        0x0A, 0x42, 0x42, 0x58, 0x20, 0x31, 0x32, 0x20, 0x35, 0x20, 0x2D, 0x31, 0x20, 0x36, 0x0A, 0x42,
        0x49, 0x54, 0x4D, 0x41, 0x50, 0x0A, 0x46, 0x43, 0x33, 0x30, 0x0A, 0x42, 0x36, 0x36, 0x30, 0x0A,
        0x33, 0x37, 0x45, 0x30, 0x0A, 0x33, 0x35, 0x41, 0x30, 0x0A, 0x37, 0x44, 0x42, 0x30, 0x0A, 0x45,
        0x4E, 0x44, 0x43, 0x48, 0x41, 0x52, 0x0A, 0x45, 0x4E, 0x44, 0x46, 0x4F, 0x4E, 0x54, 0x0A, };

/* EOF --------------------------------------------------------------------- */

